instrument_token,exchange_token,tradingsymbol,name,last_price,expiry,strike,tick_size,lot_size,instrument_type,segment,exchange,nifty_50,nifty_bank,nifty_smallcap_50,nifty_midcap_50
1025,4,21STCENMGM,21ST CENTURY MGMT SERVICE,0.0,,0.0,0.01,1,EQ,NSE,NSE,False,False,False,False
1793,7,AARTIIND,AARTI INDUSTRIES,0.0,,0.0,0.05,1,EQ,NSE,NSE,False,False,False,False
3329,13,ABB,ABB INDIA,0.0,,0.0,0.1,1,EQ,NSE,NSE,False,False,False,False
4865,19,STYRENIX,STYRENIX PERFORMANCE,0.0,,0.0,0.1,1,EQ,NSE,NSE,False,False,False,False
5633,22,ACC,ACC,0.0,,0.0,0.1,1,EQ,NSE,NSE,False,False,False,False
6401,25,ADANIENT,ADANI ENTERPRISES,0.0,,0.0,0.1,1,EQ,NSE,NSE,True,False,False,False
6913,27,GATECHDVR-BE,GACM TECHNOLOGIES,0.0,,0.0,0.01,1,EQ,NSE,NSE,False,False,False,False
8705,34,ADOR,ADOR WELDING,0.0,,0.0,0.05,1,EQ,NSE,NSE,False,False,False,False
10241,40,AEGISLOG,AEGIS LOGISTICS,0.0,,0.0,0.05,1,EQ,NSE,NSE,False,False,True,False
11777,46,SANWARIA-BZ,SANWARIA CONSUMER,0.0,,0.0,0.01,1,EQ,NSE,NSE,False,False,False,False
12289,48,HAPPSTMNDS,HAPPIEST MINDS TECHNO,0.0,,0.0,0.05,1,EQ,NSE,NSE,False,False,False,False
20225,79,ALEMBICLTD,ALEMBIC,0.0,,0.0,0.01,1,EQ,NSE,NSE,False,False,False,False
25601,100,ARE&M,AMARA RAJA ENERGY MOB,0.0,,0.0,0.05,1,EQ,NSE,NSE,False,False,True,False
26625,104,SHAREINDIA,SHARE IND. SECURITIES,0.0,,0.0,0.01,1,EQ,NSE,NSE,False,False,False,False
32769,128,ROUTE,ROUTE MOBILE,0.0,,0.0,0.05,1,EQ,NSE,NSE,False,False,False,False
34817,136,ANDHRSUGAR,ANDHRA SUGARS,0.0,,0.0,0.01,1,EQ,NSE,NSE,False,False,False,False
36865,144,GODREJAGRO,GODREJ AGROVET,0.0,,0.0,0.05,1,EQ,NSE,NSE,False,False,False,False
38145,149,SGBSEP28VI-GB,2.50%GOLDBONDS2028SR-VI,0.0,,0.0,0.01,1,EQ,NSE,NSE,False,False,False,False
39425,154,APCOTEXIND,APCOTEX INDUSTRIES LIMITE,0.0,,0.0,0.05,1,EQ,NSE,NSE,False,False,False,False
40193,157,APOLLOHOSP,APOLLO HOSPITALS ENTER. L,0.0,,0.0,0.5,1,EQ,NSE,NSE,True,False,False,False
41729,163,APOLLOTYRE,APOLLO TYRES,0.0,,0.0,0.05,1,EQ,NSE,NSE,False,False,True,False
42497,166,ANDHRAPAP,ANDHRA PAPER,0.0,,0.0,0.01,1,EQ,NSE,NSE,False,False,False,False
46337,181,ARENTERP,RAJDARSHAN INDUSTRIES,0.0,,0.0,0.01,1,EQ,NSE,NSE,False,False,False,False
47105,184,TCPLPACK,TCPL PACKAGING,0.0,,0.0,0.1,1,EQ,NSE,NSE,False,False,False,False
49409,193,ARVIND,ARVIND,0.0,,0.0,0.05,1,EQ,NSE,NSE,False,False,False,False
50945,199,MASFIN,MAS FINANCIAL SERV,0.0,,0.0,0.05,1,EQ,NSE,NSE,False,False,False,False
51457,201,UNIDT,UNITED DRILLING TOOLS,0.0,,0.0,0.01,1,EQ,NSE,NSE,False,False,False,False
51969,203,ASHAPURMIN,ASHAPURA MINECHEM,0.0,,0.0,0.05,1,EQ,NSE,NSE,False,False,False,False
52737,206,ASHIMASYN,ASHIMA,0.0,,0.0,0.01,1,EQ,NSE,NSE,False,False,False,False
54273,212,ASHOKLEY,ASHOK LEYLAND,0.0,,0.0,0.01,1,EQ,NSE,NSE,False,False,False,True
56321,220,IEX,INDIAN ENERGY EXC,0.0,,0.0,0.01,1,EQ,NSE,NSE,False,False,False,False
60161,235,AAKASH,AAKASH EXPLORATION SER L,0.0,,0.0,0.01,1,EQ,NSE,NSE,False,False,False,False
60417,236,ASIANPAINT,ASIAN PAINTS,0.0,,0.0,0.1,1,EQ,NSE,NSE,True,False,False,False
62721,245,ADL,ARCHIDPLY DECOR,0.0,,0.0,0.01,1,EQ,NSE,NSE,False,False,False,False
64001,250,SGBOCT25-GB,2.50% GOLDBONDS2025SR-III,0.0,,0.0,0.01,1,EQ,NSE,NSE,False,False,False,False
65281,255,NIRAJ,NIRAJ CEMENT STRUC,0.0,,0.0,0.01,1,EQ,NSE,NSE,False,False,False,False
67329,263,ATUL,ATUL,0.0,,0.0,0.5,1,EQ,NSE,NSE,False,False,False,False
69121,270,CHEMCON,CHEMCON SPECIAL CHEM,0.0,,0.0,0.01,1,EQ,NSE,NSE,False,False,False,False
70401,275,AUROPHARMA,AUROBINDO PHARMA,0.0,,0.0,0.1,1,EQ,NSE,NSE,False,False,False,True
70913,277,GICRE,GENERAL INS CORP OF INDIA,0.0,,0.0,0.05,1,EQ,NSE,NSE,False,False,False,False
71169,278,AUTOAXLES,AUTOMOTIVE AXLES,0.0,,0.0,0.1,1,EQ,NSE,NSE,False,False,False,False
77825,304,SGBOCT25IV-GB,2.50% GOLDBONDS2025SR-IV,0.0,,0.0,0.01,1,EQ,NSE,NSE,False,False,False,False
78081,305,BAJAJHLDNG,BAJAJ HOLDINGS & INVS,0.0,,0.0,1.0,1,EQ,NSE,NSE,False,False,False,False
78849,308,BAJAJHIND,BAJAJ HINDUSTHAN SUGAR LT,0.0,,0.0,0.01,1,EQ,NSE,NSE,False,False,False,False
79873,312,TIINDIA,TUBE INVEST OF INDIA,0.0,,0.0,0.1,1,EQ,NSE,NSE,False,False,False,True
81153,317,BAJFINANCE,BAJAJ FINANCE,0.0,,0.0,0.05,1,EQ,NSE,NSE,True,False,False,False
82945,324,ANGELONE,ANGEL ONE,0.0,,0.0,0.1,1,EQ,NSE,NSE,False,False,True,False
85505,334,VALIANTORG-BE,VALIANT ORGANICS,0.0,,0.0,0.05,1,EQ,NSE,NSE,False,False,False,False
85761,335,BALKRISIND,BALKRISHNA IND.,0.0,,0.0,0.1,1,EQ,NSE,NSE,False,False,False,False
86529,338,BALMLAWRIE,BALMER LAWRIE & CO,0.0,,0.0,0.01,1,EQ,NSE,NSE,False,False,False,False
87297,341,BALRAMCHIN,BALRAMPUR CHINI MILLS,0.0,,0.0,0.05,1,EQ,NSE,NSE,False,False,False,False
87553,342,CAMS,COMPUTER AGE MNGT SER,0.0,,0.0,0.1,1,EQ,NSE,NSE,False,False,True,False
88833,347,BANARBEADS,BANARAS BEADS,0.0,,0.0,0.01,1,EQ,NSE,NSE,False,False,False,False
89601,350,BANARISUG,BANNARI AMMAN SUGARS,0.0,,0.0,0.1,1,EQ,NSE,NSE,False,False,False,False
90881,355,SGBOCT25V-GB,2.50% GOLDBONDS2025SR-V,0.0,,0.0,0.01,1,EQ,NSE,NSE,False,False,False,False
91393,357,NAM-INDIA,NIPPON L I A M,0.0,,0.0,0.05,1,EQ,NSE,NSE,False,False,False,False
93697,366,ROML-BE,RAJ OIL MILLS,0.0,,0.0,0.01,1,EQ,NSE,NSE,False,False,False,False
94209,368,BASF,BASF INDIA,0.0,,0.0,0.1,1,EQ,NSE,NSE,False,False,False,False
94977,371,BATAINDIA,BATA INDIA,0.0,,0.0,0.1,1,EQ,NSE,NSE,False,False,False,False
97281,380,BBTC,BOMBAY BURMAH TRADING COR,0.0,,0.0,0.1,1,EQ,NSE,NSE,False,False,False,False
97537,381,SINTERCOM,SINTERCOM INDIA,0.0,,0.0,0.01,1,EQ,NSE,NSE,False,False,False,False
98049,383,BEL,BHARAT ELECTRONICS,0.0,,0.0,0.05,1,EQ,NSE,NSE,True,False,False,False
98561,385,MAHLOG,MAHINDRA LOGISTIC,0.0,,0.0,0.05,1,EQ,NSE,NSE,False,False,False,False
100609,393,GLOBE,GLOBE TEXTILES (I),0.0,,0.0,0.01,1,EQ,NSE,NSE,False,False,False,False
101121,395,BEML,BEML,0.0,,0.0,0.1,1,EQ,NSE,NSE,False,False,False,False
101889,398,SGBNOV25VI-GB,2.50% GOLDBONDS2025SR-VI,0.0,,0.0,0.01,1,EQ,NSE,NSE,False,False,False,False
102145,399,NIACL,THE NEW INDIA ASSU CO,0.0,,0.0,0.01,1,EQ,NSE,NSE,False,False,False,False
103425,404,BERGEPAINT,BERGER PAINTS (I),0.0,,0.0,0.05,1,EQ,NSE,NSE,False,False,False,False
107265,419,BEPL,BHANSALI ENG. POLYMERS LT,0.0,,0.0,0.01,1,EQ,NSE,NSE,False,False,False,False
108033,422,BHARATFORG,BHARAT FORGE,0.0,,0.0,0.1,1,EQ,NSE,NSE,False,False,False,True
108801,425,KHADIM,KHADIM INDIA,0.0,,0.0,0.01,1,EQ,NSE,NSE,False,False,False,False
109057,426,BHARATGEAR,BHARAT GEARS,0.0,,0.0,0.01,1,EQ,NSE,NSE,False,False,False,False
111617,436,IFGLEXPOR,IFGL REFRACTORIES,0.0,,0.0,0.01,1,EQ,NSE,NSE,False,False,False,False
112129,438,BHEL,BHEL,0.0,,0.0,0.01,1,EQ,NSE,NSE,False,False,False,True
113921,445,5PAISA,5PAISA CAPITAL,0.0,,0.0,0.05,1,EQ,NSE,NSE,False,False,False,False
117249,458,SGBNOV25-GB,2.50% GOLDBONDS2025SR-VII,0.0,,0.0,0.01,1,EQ,NSE,NSE,False,False,False,False
119553,467,HDFCLIFE,HDFC LIFE INS CO,0.0,,0.0,0.05,1,EQ,NSE,NSE,True,False,False,False
120577,471,OSWALGREEN,OSWAL GREENTECH,0.0,,0.0,0.01,1,EQ,NSE,NSE,False,False,False,False
121345,474,3MINDIA,3M INDIA,0.0,,0.0,5.0,1,EQ,NSE,NSE,False,False,False,False
122113,477,BIRLACABLE,BIRLA CABLE,0.0,,0.0,0.01,1,EQ,NSE,NSE,False,False,False,False
122881,480,BIRLACORPN,BIRLA CORPORATION,0.0,,0.0,0.1,1,EQ,NSE,NSE,False,False,False,False
125185,489,ICEMAKE,ICE MAKE REFRIGERAT,0.0,,0.0,0.05,1,EQ,NSE,NSE,False,False,False,False
126721,495,BLUEDART,BLUE DART EXPRESS,0.0,,0.0,0.5,1,EQ,NSE,NSE,False,False,False,False
127233,497,SGBNOV258-GB,2.50%GOLDBONDS2025SR-VIII,0.0,,0.0,0.01,1,EQ,NSE,NSE,False,False,False,False
130305,509,MAZDOCK,MAZAGON DOCK SHIPBUIL,0.0,,0.0,0.1,1,EQ,NSE,NSE,False,False,False,False
131329,513,BOMDYEING,BOMBAY DYEING & MFG. CO L,0.0,,0.0,0.01,1,EQ,NSE,NSE,False,False,False,False
133633,522,ICICIB22,ICICIPRAMC - BHARATIWIN,0.0,,0.0,0.01,1,EQ,NSE,NSE,False,False,False,False
134657,526,BPCL,BHARAT PETROLEUM CORP  LT,0.0,,0.0,0.05,1,EQ,NSE,NSE,False,False,False,False
134913,527,UTIAMC,UTI ASSET MNGMT CO,0.0,,0.0,0.1,1,EQ,NSE,NSE,False,False,False,False
135681,530,BPL,BPL,0.0,,0.0,0.01,1,EQ,NSE,NSE,False,False,False,False
138241,540,SGBNOV25IX-GB,2.50%GOLDBONDS 2025SR-IX,0.0,,0.0,0.01,1,EQ,NSE,NSE,False,False,False,False
140033,547,BRITANNIA,BRITANNIA INDUSTRIES,0.0,,0.0,0.5,1,EQ,NSE,NSE,False,False,False,False
143105,559,BSL,BSL,0.0,,0.0,0.01,1,EQ,NSE,NSE,False,False,False,False
147969,578,LIKHITHA,LIKHITHA INFRASTRUC,0.0,,0.0,0.01,1,EQ,NSE,NSE,False,False,False,False
149249,583,CANFINHOME,CAN FIN HOMES,0.0,,0.0,0.05,1,EQ,NSE,NSE,False,False,False,False
151553,592,GRAPHITE,GRAPHITE INDIA,0.0,,0.0,0.05,1,EQ,NSE,NSE,False,False,False,False
152321,595,CARBORUNIV,CARBORUNDUM UNIVERSAL,0.0,,0.0,0.05,1,EQ,NSE,NSE,False,False,False,False
158465,619,CENTENKA,CENTURY ENKA,0.0,,0.0,0.05,1,EQ,NSE,NSE,False,False,False,False
159489,623,SGBDEC25-GB,2.50%GOLDBONDS 2025 SR-X,0.0,,0.0,0.01,1,EQ,NSE,NSE,False,False,False,False
160001,625,ABREL,ADITYA BIRLA REAL EST,0.0,,0.0,0.1,1,EQ,NSE,NSE,False,False,False,False
160769,628,CESC,CESC,0.0,,0.0,0.01,1,EQ,NSE,NSE,False,False,False,False
162305,634,IGARASHI,IGARASHI MOTORS INDIA,0.0,,0.0,0.05,1,EQ,NSE,NSE,False,False,False,False
163073,637,CHAMBLFERT,CHAMBAL FERTILIZERS,0.0,,0.0,0.05,1,EQ,NSE,NSE,False,False,False,False
164097,641,DNAMEDIA,DILIGENT MEDIA CORP,0.0,,0.0,0.01,1,EQ,NSE,NSE,False,False,False,False
173057,676,EXIDEIND,EXIDE INDUSTRIES,0.0,,0.0,0.05,1,EQ,NSE,NSE,False,False,False,False
175361,685,CHOLAFIN,CHOLAMANDALAM IN & FIN CO,0.0,,0.0,0.1,1,EQ,NSE,NSE,False,False,False,False
177665,694,CIPLA,CIPLA,0.0,,0.0,0.1,1,EQ,NSE,NSE,True,False,False,False
179457,701,HEMIPROP,HEMISPHERE PROP IND,0.0,,0.0,0.01,1,EQ,NSE,NSE,False,False,False,False
179969,703,DICIND,DIC INDIA,0.0,,0.0,0.05,1,EQ,NSE,NSE,False,False,False,False
181249,708,SHRADHA,SHRADHA INFRAPROJECTS,0.0,,0.0,0.01,1,EQ,NSE,NSE,False,False,False,False
182785,714,SHALBY,SHALBY,0.0,,0.0,0.01,1,EQ,NSE,NSE,False,False,False,False
183041,715,HEUBACHIND,HEUBACH COLORANTS IND,0.0,,0.0,0.05,1,EQ,NSE,NSE,False,False,False,False
184833,722,SBIETFPB,SBIAMC - SBIETFPB,0.0,,0.0,0.01,1,EQ,NSE,NSE,False,False,False,False
186625,729,SGBDEC25XI-GB,2.50%GOLDBONDS 2025 SR-XI,0.0,,0.0,0.01,1,EQ,NSE,NSE,False,False,False,False
189185,739,COROMANDEL,COROMANDEL INTERNTL.,0.0,,0.0,0.1,1,EQ,NSE,NSE,False,False,False,False
189441,740,SBIETFIT,SBIAMC - SBIETFIT,0.0,,0.0,0.01,1,EQ,NSE,NSE,False,False,False,False
189953,742,COSMOFIRST,COSMO FIRST,0.0,,0.0,0.05,1,EQ,NSE,NSE,False,False,False,False
193793,757,CRISIL,CRISIL,0.0,,0.0,0.1,1,EQ,NSE,NSE,False,False,False,False
194561,760,CGPOWER,CG POWER AND IND SOL,0.0,,0.0,0.05,1,EQ,NSE,NSE,False,False,False,False
197633,772,DABUR,DABUR INDIA,0.0,,0.0,0.05,1,EQ,NSE,NSE,False,False,False,True
199169,778,KEEPLEARN,DSJ KEEP LEARNING,0.0,,0.0,0.01,1,EQ,NSE,NSE,False,False,False,False
199937,781,DALMIASUG,DALMIA BHARAT SUG IN,0.0,,0.0,0.05,1,EQ,NSE,NSE,False,False,False,False
203521,795,SGBDEC2512-GB,2.50%GOLDBONDS2025 SR-XII,0.0,,0.0,0.01,1,EQ,NSE,NSE,False,False,False,False
205825,804,SHIVATEX,SHIVA TEXYARN,0.0,,0.0,0.01,1,EQ,NSE,NSE,False,False,False,False
206081,805,DCM,DCM,0.0,,0.0,0.01,1,EQ,NSE,NSE,False,False,False,False
207105,809,BSHSL,BOMBAY SUPER HYBRID SEEDS,0.0,,0.0,0.01,1,EQ,NSE,NSE,False,False,False,False
207617,811,DCMSHRIRAM,DCM SHRIRAM,0.0,,0.0,0.1,1,EQ,NSE,NSE,False,False,False,False
209153,817,DCW,DCW,0.0,,0.0,0.01,1,EQ,NSE,NSE,False,False,False,False
210433,822,BANKA,BANKA BIOLOO,0.0,,0.0,0.01,1,EQ,NSE,NSE,False,False,False,False
211713,827,DEEPAKFERT,DEEPAK FERTILIZERS & PETR,0.0,,0.0,0.1,1,EQ,NSE,NSE,False,False,False,False
213505,834,SGBOC28VII-GB,2.50%GOLDBONDS2028SR-VII,0.0,,0.0,0.01,1,EQ,NSE,NSE,False,False,False,False
219393,857,DHAMPURSUG,DHAMPUR SUGAR MILLS,0.0,,0.0,0.01,1,EQ,NSE,NSE,False,False,False,False
220673,862,SGBDEC2513-GB,2.50%GOLDBONDS2025SR-XIII,0.0,,0.0,0.01,1,EQ,NSE,NSE,False,False,False,False
223745,874,ASTRON,ASTRON PAPER BORD MIL,0.0,,0.0,0.01,1,EQ,NSE,NSE,False,False,False,False
225537,881,DRREDDY,DR. REDDY S LABORATORIES,0.0,,0.0,0.1,1,EQ,NSE,NSE,True,False,False,False
229377,896,KHAICHEM,KHAITAN CHEM & FERT,0.0,,0.0,0.01,1,EQ,NSE,NSE,False,False,False,False
232961,910,EICHERMOT,EICHER MOTORS,0.0,,0.0,0.5,1,EQ,NSE,NSE,True,False,False,False
233729,913,EQUITASBNK,EQUITAS SMALL FIN BNK,0.0,,0.0,0.01,1,EQ,NSE,NSE,False,False,False,False
234497,916,EIDPARRY,EID PARRY INDIA,0.0,,0.0,0.1,1,EQ,NSE,NSE,False,False,False,False
235265,919,EIHOTEL,EIH - OBEROI HOTELS,0.0,,0.0,0.05,1,EQ,NSE,NSE,False,False,False,False
237057,926,ORCHPHARMA,ORCHID PHARMA,0.0,,0.0,0.05,1,EQ,NSE,NSE,False,False,False,False
237569,928,ELECTCAST,ELECTROSTEEL CASTINGS,0.0,,0.0,0.01,1,EQ,NSE,NSE,False,False,False,False
239617,936,DPABHUSHAN,D. P. ABHUSHAN,0.0,,0.0,0.1,1,EQ,NSE,NSE,False,False,False,False
239873,937,ELGIEQUIP,ELGI EQUIPMENTS,0.0,,0.0,0.05,1,EQ,NSE,NSE,False,False,False,False
240641,940,PGHL,PROCTER & GAMBLE HEALTH L,0.0,,0.0,0.5,1,EQ,NSE,NSE,False,False,False,False
241921,945,SGBJAN26-GB,2.50%GOLDBONDS2026SR-XIV,0.0,,0.0,0.01,1,EQ,NSE,NSE,False,False,False,False
243969,953,622GS2035-GS,GOI LOAN  6.22% 2035,0.0,,0.0,0.01,1,EQ,NSE,NSE,False,False,False,False
244481,955,ESABINDIA,ESAB INDIA,0.0,,0.0,0.5,1,EQ,NSE,NSE,False,False,False,False
244737,956,667GS2050-GS,GOI LOAN  6.67% 2050,0.0,,0.0,0.01,1,EQ,NSE,NSE,False,False,False,False
245249,958,ESCORTS,ESCORTS KUBOTA,0.0,,0.0,0.1,1,EQ,NSE,NSE,False,False,False,False
247553,967,SUBEXLTD,SUBEX,0.0,,0.0,0.01,1,EQ,NSE,NSE,False,False,False,False
251137,981,EPL,EPL,0.0,,0.0,0.01,1,EQ,NSE,NSE,False,False,False,False
254209,993,EVERESTIND,EVEREST INDUSTRIES,0.0,,0.0,0.05,1,EQ,NSE,NSE,False,False,False,False
255745,999,EUROTEXIND,EUROTEX INDUSTRIES,0.0,,0.0,0.01,1,EQ,NSE,NSE,False,False,False,False
258049,1008,FACT,FACT,0.0,,0.0,0.05,1,EQ,NSE,NSE,False,False,False,False
258817,1011,SCHAEFFLER,SCHAEFFLER INDIA,0.0,,0.0,0.1,1,EQ,NSE,NSE,False,False,False,False
261889,1023,FEDERALBNK,FEDERAL BANK,0.0,,0.0,0.01,1,EQ,NSE,NSE,False,True,False,True
263681,1030,AARON,AARON INDUSTRIES,0.0,,0.0,0.01,1,EQ,NSE,NSE,False,False,False,False
265729,1038,FINCABLES,FINOLEX CABLES,0.0,,0.0,0.05,1,EQ,NSE,NSE,False,False,False,False
266497,1041,FINPIPE,FINOLEX INDUSTRIES,0.0,,0.0,0.01,1,EQ,NSE,NSE,False,False,False,False
267265,1044,AXISBNKETF,AXISAMC - AXISBNKETF,0.0,,0.0,0.01,1,EQ,NSE,NSE,False,False,False,False
269569,1053,UFLEX,UFLEX,0.0,,0.0,0.05,1,EQ,NSE,NSE,False,False,False,False
269825,1054,515GS2025-GS,GOI LOAN  5.15% 2025,0.0,,0.0,0.01,1,EQ,NSE,NSE,False,False,False,False
274689,1073,FOSECOIND,FOSECO INDIA,0.0,,0.0,0.5,1,EQ,NSE,NSE,False,False,False,False
275457,1076,ZENSARTECH,ZENSAR TECHNOLOGIES ,0.0,,0.0,0.05,1,EQ,NSE,NSE,False,False,False,False
277761,1085,GABRIEL,GABRIEL INDIA,0.0,,0.0,0.1,1,EQ,NSE,NSE,False,False,False,False
281601,1100,GARFIBRES,GARWARE TECH FIBRES,0.0,,0.0,0.05,1,EQ,NSE,NSE,False,False,False,False
284161,1110,DANGEE,DANGEE DUMS,0.0,,0.0,0.01,1,EQ,NSE,NSE,False,False,False,False
288513,1127,GHCL,GHCL,0.0,,0.0,0.05,1,EQ,NSE,NSE,False,False,False,False
289025,1129,GTECJAINX,G-TEC JAINX EDUCATION,0.0,,0.0,0.01,1,EQ,NSE,NSE,False,False,False,False
290305,1134,APOLLO,APOLLO MICRO SYSTEMS,0.0,,0.0,0.05,1,EQ,NSE,NSE,False,False,False,False
291585,1139,GICHSGFIN,GIC HOUSING FINANCE,0.0,,0.0,0.01,1,EQ,NSE,NSE,False,False,False,False
293121,1145,GIPCL,GUJ IND POW CO.,0.0,,0.0,0.01,1,EQ,NSE,NSE,False,False,False,False
295169,1153,GLAXO,GLAXOSMITHKLINE PHARMA LT,0.0,,0.0,0.1,1,EQ,NSE,NSE,False,False,False,False
295937,1156,GLFL,GUJARAT LEASE FINANCING L,0.0,,0.0,0.01,1,EQ,NSE,NSE,False,False,False,False
297473,1162,GTL,GTL,0.0,,0.0,0.01,1,EQ,NSE,NSE,False,False,False,False
297985,1164,NEWGEN,NEWGEN SOFTWARE TECH,0.0,,0.0,0.05,1,EQ,NSE,NSE,False,False,False,False
299009,1168,GMBREW,G M BREWERIES,0.0,,0.0,0.05,1,EQ,NSE,NSE,False,False,False,False
300545,1174,GNFC,GUJ NAR VAL FER & CHEM L,0.0,,0.0,0.05,1,EQ,NSE,NSE,False,False,False,False
302337,1181,GODFRYPHLP,GODFREY PHILLIPS INDIA LT,0.0,,0.0,1.0,1,EQ,NSE,NSE,False,False,False,False
303361,1185,AMBER,AMBER ENTERPRISES (I),0.0,,0.0,0.5,1,EQ,NSE,NSE,False,False,True,False
303617,1186,GLAND,GLAND PHARMA,0.0,,0.0,0.1,1,EQ,NSE,NSE,False,False,True,False
304641,1190,FMGOETZE,FEDERAL-MOGUL GOETZE (IND,0.0,,0.0,0.05,1,EQ,NSE,NSE,False,False,False,False
306177,1196,KANSAINER,KANSAI NEROLAC PAINTS,0.0,,0.0,0.01,1,EQ,NSE,NSE,False,False,False,False
307201,1200,ESG,MIRAEAMC - MAESGETF,0.0,,0.0,0.01,1,EQ,NSE,NSE,False,False,False,False
310785,1214,DELTAMAGNT,DELTA MANUFACTURING,0.0,,0.0,0.01,1,EQ,NSE,NSE,False,False,False,False
311297,1216,PRAXIS-BE,PRAXIS HOME RETAIL,0.0,,0.0,0.01,1,EQ,NSE,NSE,False,False,False,False
315393,1232,GRASIM,GRASIM INDUSTRIES,0.0,,0.0,0.1,1,EQ,NSE,NSE,True,False,False,False
316161,1235,GREAVESCOT,GREAVES COTTON,0.0,,0.0,0.01,1,EQ,NSE,NSE,False,False,False,False
319233,1247,GSFC,GUJ STATE FERT & CHEM,0.0,,0.0,0.01,1,EQ,NSE,NSE,False,False,False,False
320001,1250,CASTROLIND,CASTROL INDIA,0.0,,0.0,0.01,1,EQ,NSE,NSE,False,False,False,False
324353,1267,GUJALKALI,GUJARAT ALKALIES & CHEM,0.0,,0.0,0.05,1,EQ,NSE,NSE,False,False,False,False
325121,1270,AMBUJACEM,AMBUJA CEMENTS,0.0,,0.0,0.05,1,EQ,NSE,NSE,False,False,False,False
329985,1289,GFLLIMITED,GFL,0.0,,0.0,0.01,1,EQ,NSE,NSE,False,False,False,False
336129,1313,HARRMALAYA,HARRISON MALAYALAM,0.0,,0.0,0.01,1,EQ,NSE,NSE,False,False,False,False
336641,1315,GALAXYSURF,GALAXY SURFACTANTS,0.0,,0.0,0.1,1,EQ,NSE,NSE,False,False,False,False
339713,1327,HCL-INSYS,HCL INFOSYSTEMS,0.0,,0.0,0.01,1,EQ,NSE,NSE,False,False,False,False
339969,1328,MARINE,MARINE ELECTRICAL (I),0.0,,0.0,0.01,1,EQ,NSE,NSE,False,False,False,False
341249,1333,HDFCBANK,HDFC BANK,0.0,,0.0,0.05,1,EQ,NSE,NSE,True,True,False,False
342017,1336,HEG,HEG,0.0,,0.0,0.05,1,EQ,NSE,NSE,False,False,False,False
342529,1338,SDBL,SOM DIST & BREW,0.0,,0.0,0.01,1,EQ,NSE,NSE,False,False,False,False
343297,1341,585GS2030-GS,GOI LOAN  5.85% 2030,0.0,,0.0,0.01,1,EQ,NSE,NSE,False,False,False,False
343553,1342,SGBN28VIII-GB,2.5%GOLDBONDS2028SR-VIII,0.0,,0.0,0.01,1,EQ,NSE,NSE,False,False,False,False
345089,1348,HEROMOTOCO,HERO MOTOCORP,0.0,,0.0,0.5,1,EQ,NSE,NSE,False,False,False,True
348161,1360,HIMATSEIDE,HIMATSINGKA SEIDE,0.0,,0.0,0.01,1,EQ,NSE,NSE,False,False,False,False
348929,1363,HINDALCO,HINDALCO  INDUSTRIES ,0.0,,0.0,0.05,1,EQ,NSE,NSE,True,False,False,False
351233,1372,HINDCOMPOS,HINDUSTAN COMPOSITES,0.0,,0.0,0.05,1,EQ,NSE,NSE,False,False,False,False
352001,1375,HCC,HINDUSTAN CONSTRUCTION CO,0.0,,0.0,0.01,1,EQ,NSE,NSE,False,False,False,False
356865,1394,HINDUNILVR,HINDUSTAN UNILEVER,0.0,,0.0,0.1,1,EQ,NSE,NSE,True,False,False,False
358657,1401,SUPREMEENG-BE,SUPREME ENGINEERING,0.0,,0.0,0.01,1,EQ,NSE,NSE,False,False,False,False
359169,1403,HINDOILEXP,HINDUSTAN OIL EXPLORATION,0.0,,0.0,0.01,1,EQ,NSE,NSE,False,False,False,False
359937,1406,HINDPETRO,HINDUSTAN PETROLEUM CORP,0.0,,0.0,0.05,1,EQ,NSE,NSE,False,False,False,True
361473,1412,AGI,AGI GREENPAC,0.0,,0.0,0.05,1,EQ,NSE,NSE,False,False,False,False
362753,1417,GLOBAL-BE,GLOBAL EDUCATION,0.0,,0.0,0.01,1,EQ,NSE,NSE,False,False,False,False
364545,1424,HINDZINC,HINDUSTAN ZINC,0.0,,0.0,0.05,1,EQ,NSE,NSE,False,False,False,False
369153,1442,SANOFI,SANOFI INDIA,0.0,,0.0,0.5,1,EQ,NSE,NSE,False,False,False,False
370689,1448,HLVLTD,HLV,0.0,,0.0,0.01,1,EQ,NSE,NSE,False,False,False,False
372481,1455,BIRLANU,BIRLANU,0.0,,0.0,0.1,1,EQ,NSE,NSE,False,False,False,False
375041,1465,ACCURACY,ACCURACY SHIPPING,0.0,,0.0,0.01,1,EQ,NSE,NSE,False,False,False,False
375553,1467,AKZOINDIA,AKZO NOBEL INDIA,0.0,,0.0,0.1,1,EQ,NSE,NSE,False,False,False,False
377857,1476,IDBI,IDBI BANK,0.0,,0.0,0.01,1,EQ,NSE,NSE,False,False,False,False
378881,1480,REPL,RUDRABHISHEK ENTERP,0.0,,0.0,0.01,1,EQ,NSE,NSE,False,False,False,False
379393,1482,IFBAGRO,IFB AGRO INDUSTRIES,0.0,,0.0,0.05,1,EQ,NSE,NSE,False,False,False,False
380161,1485,IFBIND,IFB INDUSTRIES,0.0,,0.0,0.1,1,EQ,NSE,NSE,False,False,False,False
381697,1491,IFCI,IFCI,0.0,,0.0,0.01,1,EQ,NSE,NSE,False,False,False,False
382465,1494,RBA,RESTAURANT BRAND ASIA,0.0,,0.0,0.01,1,EQ,NSE,NSE,False,False,False,False
383233,1497,SHIVAMILLS,SHIVA MILLS,0.0,,0.0,0.01,1,EQ,NSE,NSE,False,False,False,False
385793,1507,MOGSEC,MOTILALAMC - G5,0.0,,0.0,0.01,1,EQ,NSE,NSE,False,False,False,False
386049,1508,ASTERDM,ASTER DM HEALTHCARE,0.0,,0.0,0.05,1,EQ,NSE,NSE,False,False,False,False
387073,1512,INDHOTEL,THE INDIAN HOTELS CO.,0.0,,0.0,0.05,1,EQ,NSE,NSE,False,False,False,True
387841,1515,INDIACEM,THE INDIA CEMENTS,0.0,,0.0,0.05,1,EQ,NSE,NSE,False,False,False,False
389377,1521,INDIAGLYCO,INDIA GLYCOLS,0.0,,0.0,0.05,1,EQ,NSE,NSE,False,False,False,False
391681,1530,INDIANHUME,INDIAN HUME PIPE CO.,0.0,,0.0,0.05,1,EQ,NSE,NSE,False,False,False,False
396033,1547,RKEC,RKEC PROJECTS,0.0,,0.0,0.01,1,EQ,NSE,NSE,False,False,False,False
401921,1570,GMMPFAUDLR,GMM PFAUDLER,0.0,,0.0,0.1,1,EQ,NSE,NSE,False,False,False,False
402433,1572,RVHL-BE,RAVINDER HEIGHTS,0.0,,0.0,0.01,1,EQ,NSE,NSE,False,False,False,False
403457,1576,GILLETTE,GILLETTE INDIA,0.0,,0.0,1.0,1,EQ,NSE,NSE,False,False,False,False
404737,1581,TARC,TARC,0.0,,0.0,0.01,1,EQ,NSE,NSE,False,False,False,False
407809,1593,MGEL,MANGALAM GLOBAL ENT,0.0,,0.0,0.01,1,EQ,NSE,NSE,False,False,False,False
408065,1594,INFY,INFOSYS,0.0,,0.0,0.1,1,EQ,NSE,NSE,True,False,False,False
408833,1597,INGERRAND,INGERSOLL-RAND INDIA,0.0,,0.0,0.1,1,EQ,NSE,NSE,False,False,False,False
412161,1610,GODHA-BE,GODHA CABCON INSULAT,0.0,,0.0,0.01,1,EQ,NSE,NSE,False,False,False,False
413185,1614,FAIRCHEMOR,FAIRCHEM ORGANICS,0.0,,0.0,0.05,1,EQ,NSE,NSE,False,False,False,False
414977,1621,TATAINVEST,TATA INVESTMENT CORP,0.0,,0.0,0.5,1,EQ,NSE,NSE,False,False,False,False
415745,1624,IOC,INDIAN OIL CORP,0.0,,0.0,0.01,1,EQ,NSE,NSE,False,False,False,False
416513,1627,LINDEINDIA,LINDE INDIA,0.0,,0.0,0.5,1,EQ,NSE,NSE,False,False,False,False
416769,1628,BECTORFOOD,MRS BECTORS FOOD SPE,0.0,,0.0,0.1,1,EQ,NSE,NSE,False,False,False,False
417281,1630,IONEXCHANG,ION EXCHANGE (INDIA),0.0,,0.0,0.05,1,EQ,NSE,NSE,False,False,False,False
418049,1633,IPCALAB,IPCA LABORATORIES,0.0,,0.0,0.1,1,EQ,NSE,NSE,False,False,False,False
424961,1660,ITC,ITC,0.0,,0.0,0.05,1,EQ,NSE,NSE,True,False,False,False
425729,1663,SUNDROP,SUNDROP BRANDS,0.0,,0.0,0.05,1,EQ,NSE,NSE,False,False,False,False
428033,1672,HGINFRA,H.G.INFRA ENGINEERING,0.0,,0.0,0.05,1,EQ,NSE,NSE,False,False,False,False
428801,1675,ITI,ITI,0.0,,0.0,0.05,1,EQ,NSE,NSE,False,False,False,False
430337,1681,IVP,IVP,0.0,,0.0,0.01,1,EQ,NSE,NSE,False,False,False,False
440321,1720,JAYSREETEA,JAYSHREE TEA & INDUSTRIES,0.0,,0.0,0.01,1,EQ,NSE,NSE,False,False,False,False
441857,1726,JBCHEPHARM,J B CHEMICALS AND PHARMA,0.0,,0.0,0.1,1,EQ,NSE,NSE,False,False,False,False
449537,1756,JINDALPOLY,JINDAL POLY FILMS,0.0,,0.0,0.05,1,EQ,NSE,NSE,False,False,False,False
456193,1782,KANPRPLA,KANPUR PLASTIPACK,0.0,,0.0,0.01,1,EQ,NSE,NSE,False,False,False,False
460033,1797,AWHCL,ANTONY WASTE HDG CELL,0.0,,0.0,0.05,1,EQ,NSE,NSE,False,False,False,False
461313,1802,JYOTISTRUC,JYOTI STRUCTURES,0.0,,0.0,0.01,1,EQ,NSE,NSE,False,False,False,False
462081,1805,KABRAEXTRU,KABRA EXTRUSION TECHNIK L,0.0,,0.0,0.05,1,EQ,NSE,NSE,False,False,False,False
462849,1808,KAJARIACER,KAJARIA CERAMICS,0.0,,0.0,0.1,1,EQ,NSE,NSE,False,False,False,False
463617,1811,KAKATCEM,KAKATIYA CEM SUGAR &IND L,0.0,,0.0,0.01,1,EQ,NSE,NSE,False,False,False,False
464385,1814,KPIL,KALPATARU PROJECT INT,0.0,,0.0,0.1,1,EQ,NSE,NSE,False,False,False,False
467457,1826,KAMATHOTEL,KAMAT HOTELS (I),0.0,,0.0,0.05,1,EQ,NSE,NSE,False,False,False,False
469761,1835,KANORICHEM,KANORIA CHEMICALS & INDUS,0.0,,0.0,0.01,1,EQ,NSE,NSE,False,False,False,False
470529,1838,KARURVYSYA,KARUR VYSYA BANK,0.0,,0.0,0.01,1,EQ,NSE,NSE,False,False,True,False
471297,1841,KCP,KCP,0.0,,0.0,0.01,1,EQ,NSE,NSE,False,False,False,False
475905,1859,KESORAMIND,KESORAM INDUSTRIES,0.0,,0.0,0.01,1,EQ,NSE,NSE,False,False,False,False
481025,1879,CARYSIL,CARYSIL,0.0,,0.0,0.05,1,EQ,NSE,NSE,False,False,False,False
486657,1901,CUMMINSIND,CUMMINS INDIA,0.0,,0.0,0.1,1,EQ,NSE,NSE,False,False,False,False
491265,1919,KOPRAN,KOPRAN,0.0,,0.0,0.01,1,EQ,NSE,NSE,False,False,False,False
491521,1920,SGBJAN29IX-GB,2.50%GOLDBONDS2029SR-IX,0.0,,0.0,0.01,1,EQ,NSE,NSE,False,False,False,False
492033,1922,KOTAKBANK,KOTAK MAHINDRA BANK,0.0,,0.0,0.1,1,EQ,NSE,NSE,True,True,False,False
492289,1923,WEALTH,WEALTH FRST PORT. MG.,0.0,,0.0,0.1,1,EQ,NSE,NSE,False,False,False,False
493313,1927,LIQUIDETF,DSP LIQUID ETF,0.0,,0.0,0.01,1,EQ,NSE,NSE,False,False,False,False
495873,1937,KREBSBIO,KREBS BIOCHEMICALS & IND,0.0,,0.0,0.01,1,EQ,NSE,NSE,False,False,False,False
498945,1949,KSB,KSB,0.0,,0.0,0.05,1,EQ,NSE,NSE,False,False,False,False
502785,1964,TRENT,TRENT,0.0,,0.0,0.5,1,EQ,NSE,NSE,True,False,False,False
506625,1979,LMW,LMW,0.0,,0.0,1.0,1,EQ,NSE,NSE,False,False,False,False
510465,1994,LIBERTSHOE,LIBERTY SHOES,0.0,,0.0,0.05,1,EQ,NSE,NSE,False,False,False,False
511233,1997,LICHSGFIN,LIC HOUSING FINANCE,0.0,,0.0,0.05,1,EQ,NSE,NSE,False,False,False,False
512769,2003,SGBJAN29X-GB,2.50%GOLDBONDS2029SR-X,0.0,,0.0,0.01,1,EQ,NSE,NSE,False,False,False,False
513025,2004,AHLADA,AHLADA ENGINEERS,0.0,,0.0,0.01,1,EQ,NSE,NSE,False,False,False,False
516609,2018,LUMAXIND,LUMAX INDUSTRIES,0.0,,0.0,0.1,1,EQ,NSE,NSE,False,False,False,False
519169,2028,LYKALABS,LYKA LABS,0.0,,0.0,0.01,1,EQ,NSE,NSE,False,False,False,False
519425,2029,IRFC,INDIAN RAILWAY FIN CORP L,0.0,,0.0,0.01,1,EQ,NSE,NSE,False,False,False,False
519937,2031,M&M,MAHINDRA & MAHINDRA,0.0,,0.0,0.1,1,EQ,NSE,NSE,True,False,False,False
523009,2043,RAMCOCEM,THE RAMCO CEMENTS,0.0,,0.0,0.1,1,EQ,NSE,NSE,False,False,False,False
524289,2048,INDIGOPNTS,INDIGO PAINTS,0.0,,0.0,0.1,1,EQ,NSE,NSE,False,False,False,False
524545,2049,CHENNPETRO,CHENNAI PETROLEUM CORP LT,0.0,,0.0,0.05,1,EQ,NSE,NSE,False,False,False,False
526337,2056,HOMEFIRST,HOME FIRST FIN CO IND,0.0,,0.0,0.1,1,EQ,NSE,NSE,False,False,False,False
530689,2073,VTL,VARDHMAN TEXTILES,0.0,,0.0,0.05,1,EQ,NSE,NSE,False,False,False,False
533761,2085,MAHSCOOTER,MAHARASHTRA SCOOTERS,0.0,,0.0,1.0,1,EQ,NSE,NSE,False,False,False,False
534529,2088,MAHSEAMLES,MAHARASHTRA SEAMLESS,0.0,,0.0,0.05,1,EQ,NSE,NSE,False,False,False,False
539137,2106,MANGLMCEM,MANGALAM CEMENT,0.0,,0.0,0.05,1,EQ,NSE,NSE,False,False,False,False
539393,2107,STOVEKRAFT,STOVE KRAFT,0.0,,0.0,0.05,1,EQ,NSE,NSE,False,False,False,False
540673,2112,MARALOVER,MARAL OVERSEAS,0.0,,0.0,0.01,1,EQ,NSE,NSE,False,False,False,False
543745,2124,MASTEK,MASTEK,0.0,,0.0,0.1,1,EQ,NSE,NSE,False,False,False,False
548353,2142,MFSL,MAX FINANCIAL SERV,0.0,,0.0,0.1,1,EQ,NSE,NSE,False,False,False,True
548865,2144,BDL,BHARAT DYNAMICS,0.0,,0.0,0.1,1,EQ,NSE,NSE,False,False,False,False
555009,2168,RAJMET,RAJNANDINI METAL,0.0,,0.0,0.01,1,EQ,NSE,NSE,False,False,False,False
557057,2176,AKG,AKG EXIM,0.0,,0.0,0.01,1,EQ,NSE,NSE,False,False,False,False
558337,2181,BOSCHLTD,BOSCH,0.0,,0.0,5.0,1,EQ,NSE,NSE,False,False,False,False
558849,2183,SUNDARMHLD,SUNDARAM FINANCE HOLD,0.0,,0.0,0.05,1,EQ,NSE,NSE,False,False,False,False
560129,2188,GENCON,GENERIC ENG CONS PROJ,0.0,,0.0,0.01,1,EQ,NSE,NSE,False,False,False,False
563201,2200,SGBFEB29XI-GB,2.50%GOLDBONDS2029SR-XI,0.0,,0.0,0.01,1,EQ,NSE,NSE,False,False,False,False
563969,2203,BIRET-RR,BROOKFIELD INDIA RET,0.0,,0.0,0.01,1,EQ,NSE,NSE,False,False,False,False
570625,2229,MODIRUBBER,MODI RUBBER,0.0,,0.0,0.01,1,EQ,NSE,NSE,False,False,False,False
573697,2241,MODTHREAD,MODERN THREADS INDIA,0.0,,0.0,0.01,1,EQ,NSE,NSE,False,False,False,False
577537,2256,PENINLAND,PENINSULA LAND,0.0,,0.0,0.01,1,EQ,NSE,NSE,False,False,False,False
578305,2259,MOREPENLAB,MOREPEN LAB.,0.0,,0.0,0.01,1,EQ,NSE,NSE,False,False,False,False
579329,2263,BANDHANBNK,BANDHAN BANK,0.0,,0.0,0.01,1,EQ,NSE,NSE,False,False,True,False
580609,2268,MOTOGENFIN,MOTOR & GENERAL FINANCE L,0.0,,0.0,0.01,1,EQ,NSE,NSE,False,False,False,False
582913,2277,MRF,MRF,0.0,,0.0,5.0,1,EQ,NSE,NSE,False,False,False,False
583169,2278,IRISDOREME-BE,IRIS CLOTHINGS,0.0,,0.0,0.01,1,EQ,NSE,NSE,False,False,False,False
584449,2283,MRPL,MRPL,0.0,,0.0,0.01,1,EQ,NSE,NSE,False,False,False,False
585985,2289,HLEGLAS,HLE GLASCOAT,0.0,,0.0,0.05,1,EQ,NSE,NSE,False,False,False,False
587265,2294,MTNL,MAHANAGAR TELEPHONE NIGAM,0.0,,0.0,0.01,1,EQ,NSE,NSE,False,False,False,False
589569,2303,HAL,HINDUSTAN AERONAUTICS,0.0,,0.0,0.1,1,EQ,NSE,NSE,False,False,False,False
590337,2306,BESTAGRO,BEST AGROLIFE,0.0,,0.0,0.05,1,EQ,NSE,NSE,False,False,False,False
590593,2307,MUNJALSHOW,MUNJAL SHOWA,0.0,,0.0,0.01,1,EQ,NSE,NSE,False,False,False,False
592129,2313,MURUDCERA,MURUDESHWAR CERAMICS,0.0,,0.0,0.01,1,EQ,NSE,NSE,False,False,False,False
592897,2316,HEIDELBERG,HEIDELBERGCEMENT (I),0.0,,0.0,0.01,1,EQ,NSE,NSE,False,False,False,False
593153,2317,676GS2061-GS,GOI LOAN  6.76% 2061,0.0,,0.0,0.01,1,EQ,NSE,NSE,False,False,False,False
593665,2319,NCC,NCC,0.0,,0.0,0.01,1,EQ,NSE,NSE,False,False,False,False
593921,2320,SMCGLOBAL,SMC GLOBAL SECURITIES,0.0,,0.0,0.01,1,EQ,NSE,NSE,False,False,False,False
595969,2328,CPSEETF,CPSE ETF,0.0,,0.0,0.01,1,EQ,NSE,NSE,False,False,False,False
596737,2331,JAYNECOIND,JAYASWAL NECO INDUSTR,0.0,,0.0,0.01,1,EQ,NSE,NSE,False,False,False,False
601601,2350,NURECA,NURECA,0.0,,0.0,0.01,1,EQ,NSE,NSE,False,False,False,False
604161,2360,DHARAN-BE,DHARAN INFRA-EPC,0.0,,0.0,0.01,1,EQ,NSE,NSE,False,False,False,False
610561,2385,NAVNETEDUL,NAVNEET EDUCATION,0.0,,0.0,0.01,1,EQ,NSE,NSE,False,False,False,False
611329,2388,NELCO,NELCO,0.0,,0.0,0.05,1,EQ,NSE,NSE,False,False,False,False
613633,2397,SANDHAR,SANDHAR TECHNOLOGIES,0.0,,0.0,0.05,1,EQ,NSE,NSE,False,False,False,False
615937,2406,NEULANDLAB,NEULAND LAB,0.0,,0.0,1.0,1,EQ,NSE,NSE,False,False,True,False
619777,2421,NILKAMAL,NILKAMAL,0.0,,0.0,0.1,1,EQ,NSE,NSE,False,False,False,False
622337,2431,RAILTEL,RAILTEL CORP OF IND,0.0,,0.0,0.05,1,EQ,NSE,NSE,False,False,False,False
623361,2435,CONSUMBEES,NIP IND ETF CONSUMPTION,0.0,,0.0,0.01,1,EQ,NSE,NSE,False,False,False,False
624385,2439,NKIND,NK INDUSTRIES,0.0,,0.0,0.01,1,EQ,NSE,NSE,False,False,False,False
625153,2442,NOCIL,NOCIL,0.0,,0.0,0.01,1,EQ,NSE,NSE,False,False,False,False
628225,2454,CENTRUM,CENTRUM CAPITAL,0.0,,0.0,0.01,1,EQ,NSE,NSE,False,False,False,False
630529,2463,MIDHANI,MISHRA DHATU NIGAM,0.0,,0.0,0.05,1,EQ,NSE,NSE,False,False,False,False
632833,2472,OILCOUNTUB,OIL COUNTRY TUBULAR,0.0,,0.0,0.01,1,EQ,NSE,NSE,False,False,False,False
633601,2475,ONGC,OIL AND NATURAL GAS CORP.,0.0,,0.0,0.01,1,EQ,NSE,NSE,True,False,False,False
638209,2493,ORIENTHOT,ORIENT HOTELS,0.0,,0.0,0.01,1,EQ,NSE,NSE,False,False,False,False
638721,2495,SILGO-BE,SILGO RETAIL,0.0,,0.0,0.01,1,EQ,NSE,NSE,False,False,False,False
638977,2496,ORIENTPPR,ORIENT PAPER AND INDS,0.0,,0.0,0.01,1,EQ,NSE,NSE,False,False,False,False
643329,2513,BCLIND,BCL INDUSTRIES,0.0,,0.0,0.01,1,EQ,NSE,NSE,False,False,False,False
643585,2514,OSWALAGRO,OSWAL AGRO MILLS,0.0,,0.0,0.01,1,EQ,NSE,NSE,False,False,False,False
648961,2535,PGHH,P&G HYGIENE & HEALTH CARE,0.0,,0.0,1.0,1,EQ,NSE,NSE,False,False,False,False
655873,2562,HUHTAMAKI,HUHTAMAKI INDIA,0.0,,0.0,0.01,1,EQ,NSE,NSE,False,False,False,False
664321,2595,3PLAND,3P LAND HOLDINGS,0.0,,0.0,0.01,1,EQ,NSE,NSE,False,False,False,False
665089,2598,AMJLAND,AMJ LAND HOLDINGS,0.0,,0.0,0.01,1,EQ,NSE,NSE,False,False,False,False
667137,2606,LEMONTREE,LEMON TREE HOTELS,0.0,,0.0,0.01,1,EQ,NSE,NSE,False,False,False,False
668161,2610,PEARLPOLY,PEARL POLYMERS,0.0,,0.0,0.01,1,EQ,NSE,NSE,False,False,False,False
669185,2614,HERANBA,HERANBA INDUSTRIES,0.0,,0.0,0.05,1,EQ,NSE,NSE,False,False,False,False
669697,2616,SEAMECLTD,SEAMEC,0.0,,0.0,0.05,1,EQ,NSE,NSE,False,False,False,False
672513,2627,IT,KOTAKMAMC - KOTAKIT,0.0,,0.0,0.01,1,EQ,NSE,NSE,False,False,False,False
674817,2636,DIVOPPBEES,NIP IND ETF DIV OPP,0.0,,0.0,0.01,1,EQ,NSE,NSE,False,False,False,False
676609,2643,PFIZER,PFIZER,0.0,,0.0,0.5,1,EQ,NSE,NSE,False,False,False,False
677121,2645,DRCSYSTEMS,DRC SYSTEMS INDIA,0.0,,0.0,0.01,1,EQ,NSE,NSE,False,False,False,False
678145,2649,PCBL,PCBL CHEMICAL,0.0,,0.0,0.05,1,EQ,NSE,NSE,False,False,False,False
681985,2664,PIDILITIND,PIDILITE INDUSTRIES,0.0,,0.0,0.1,1,EQ,NSE,NSE,False,False,False,False
687873,2687,POLYPLEX,POLYPLEX CORPORATION,0.0,,0.0,0.1,1,EQ,NSE,NSE,False,False,False,False
692481,2705,PRAJIND,PRAJ INDUSTRIES,0.0,,0.0,0.05,1,EQ,NSE,NSE,False,False,False,False
693249,2708,PRAKASH,PRAKASH INDUSTRIES,0.0,,0.0,0.01,1,EQ,NSE,NSE,False,False,False,False
693505,2709,MTARTECH,MTAR TECHNOLOGIES,0.0,,0.0,0.1,1,EQ,NSE,NSE,False,False,True,False
695297,2716,BUTTERFLY,BTRFLY GANDHI APPL,0.0,,0.0,0.05,1,EQ,NSE,NSE,False,False,False,False
695553,2717,PRECWIRE,PRECISION WIRES INDIA,0.0,,0.0,0.01,1,EQ,NSE,NSE,False,False,False,False
701185,2739,PRSMJOHNSN,PRISM JOHNSON,0.0,,0.0,0.01,1,EQ,NSE,NSE,False,False,False,False
712449,2783,JUBLINGREA,JUBILANT INGREVIA,0.0,,0.0,0.05,1,EQ,NSE,NSE,False,False,False,False
714753,2792,EASEMYTRIP,EASY TRIP PLANNERS,0.0,,0.0,0.01,1,EQ,NSE,NSE,False,False,False,False
715265,2794,RSWM,RSWM,0.0,,0.0,0.01,1,EQ,NSE,NSE,False,False,False,False
716545,2799,CHEMFAB,CHEMFAB ALKALIS,0.0,,0.0,0.05,1,EQ,NSE,NSE,False,False,False,False
719105,2809,RAJSREESUG,RAJSHREE SUGAR & CHEMICAL,0.0,,0.0,0.01,1,EQ,NSE,NSE,False,False,False,False
719361,2810,SGBMR29XII-GB,2.50%GOLDBONDS2029SR-XII,0.0,,0.0,0.01,1,EQ,NSE,NSE,False,False,False,False
720385,2814,ARVEE,ARVEE LABORATORIES I,0.0,,0.0,0.01,1,EQ,NSE,NSE,False,False,False,False
720897,2816,RALLIS,RALLIS INDIA,0.0,,0.0,0.05,1,EQ,NSE,NSE,False,False,False,False
724225,2829,ANURAS,ANUPAM RASAYAN INDIA,0.0,,0.0,0.1,1,EQ,NSE,NSE,False,False,False,False
726273,2837,RANASUG,RANA SUGARS,0.0,,0.0,0.01,1,EQ,NSE,NSE,False,False,False,False
727297,2841,LXCHEM,LAXMI ORGANIC INDUS,0.0,,0.0,0.01,1,EQ,NSE,NSE,False,False,False,False
728065,2844,RANEHOLDIN,RANE HOLDINGS,0.0,,0.0,0.1,1,EQ,NSE,NSE,False,False,False,False
730625,2854,CRAFTSMAN,CRAFTSMAN AUTOMATION,0.0,,0.0,0.5,1,EQ,NSE,NSE,False,False,False,False
731905,2859,RAYMOND,RAYMOND,0.0,,0.0,0.05,1,EQ,NSE,NSE,False,False,False,False
733697,2866,RCF,RASHTRIYA CHEMICALS & FER,0.0,,0.0,0.01,1,EQ,NSE,NSE,False,False,False,False
734209,2868,HITECH,HI-TECH PIPES,0.0,,0.0,0.01,1,EQ,NSE,NSE,False,False,False,False
738561,2885,RELIANCE,RELIANCE INDUSTRIES,0.0,,0.0,0.1,1,EQ,NSE,NSE,True,False,False,False
740097,2891,SGBMAY26-GB,2.50%GOLDBONDS2026SR-I,0.0,,0.0,0.01,1,EQ,NSE,NSE,False,False,False,False
744705,2909,RICOAUTO,RICO AUTO INDUSTRIES,0.0,,0.0,0.01,1,EQ,NSE,NSE,False,False,False,False
745473,2912,RIIL,RELIANCE INDUSTRIAL INFRA,0.0,,0.0,0.05,1,EQ,NSE,NSE,False,False,False,False
752385,2939,RUBYMILLS,THE RUBY MILLS,0.0,,0.0,0.01,1,EQ,NSE,NSE,False,False,False,False
755457,2951,S&SPOWER,S&S POWER SWITCHGEARS,0.0,,0.0,0.05,1,EQ,NSE,NSE,False,False,False,False
756481,2955,KALYANKJIL,KALYAN JEWELLERS IND,0.0,,0.0,0.05,1,EQ,NSE,NSE,False,False,False,False
758529,2963,SAIL,STEEL AUTHORITY OF INDIA,0.0,,0.0,0.01,1,EQ,NSE,NSE,False,False,False,False
760065,2969,SAKHTISUG,SAKTHI SUGARS,0.0,,0.0,0.01,1,EQ,NSE,NSE,False,False,False,False
760321,2970,SURYODAY,SURYODAY SMALL FIN BK,0.0,,0.0,0.01,1,EQ,NSE,NSE,False,False,False,False
760833,2972,ORIENTELEC,ORIENT ELECTRIC,0.0,,0.0,0.01,1,EQ,NSE,NSE,False,False,False,False
762881,2980,ORTINGLOBE-BE,ORTIN GLOBAL,0.0,,0.0,0.01,1,EQ,NSE,NSE,False,False,False,False
764673,2987,NAZARA,NAZARA TECHNOLOGIES,0.0,,0.0,0.1,1,EQ,NSE,NSE,False,False,False,False
764929,2988,SANDESH,SANDESH,0.0,,0.0,0.1,1,EQ,NSE,NSE,False,False,False,False
767233,2997,SANGHIIND,SANGHI INDUSTRIES,0.0,,0.0,0.01,1,EQ,NSE,NSE,False,False,False,False
768257,3001,BSE500IETF,ICICIPRAMC - ICICI500,0.0,,0.0,0.01,1,EQ,NSE,NSE,False,False,False,False
768513,3002,WONDERLA,WONDERLA HOLIDAYS,0.0,,0.0,0.05,1,EQ,NSE,NSE,False,False,False,False
769281,3005,SUVIDHAA-BE,SUVIDHAA INFOSERVE,0.0,,0.0,0.01,1,EQ,NSE,NSE,False,False,False,False
770305,3009,KOHINOOR,KOHINOOR FOODS,0.0,,0.0,0.01,1,EQ,NSE,NSE,False,False,False,False
770561,3010,AXISTECETF,AXISAMC - AXISTECETF,0.0,,0.0,0.01,1,EQ,NSE,NSE,False,False,False,False
772609,3018,SAURASHCEM,SAURASHTRA CEMENT,0.0,,0.0,0.01,1,EQ,NSE,NSE,False,False,False,False
773377,3021,SOTL,SAVITA OIL TECHNOLO.,0.0,,0.0,0.05,1,EQ,NSE,NSE,False,False,False,False
773633,3022,SDL26BEES,RELCAPAMC-NETFSDL26,0.0,,0.0,0.01,1,EQ,NSE,NSE,False,False,False,False
774145,3024,JINDALSAW,JINDAL SAW,0.0,,0.0,0.01,1,EQ,NSE,NSE,False,False,False,False
779521,3045,SBIN,STATE BANK OF INDIA,0.0,,0.0,0.05,1,EQ,NSE,NSE,True,True,False,False
780289,3048,SCI,SHIPPING CORP OF INDIA LT,0.0,,0.0,0.01,1,EQ,NSE,NSE,False,False,False,False
784129,3063,VEDL,VEDANTA,0.0,,0.0,0.05,1,EQ,NSE,NSE,False,False,False,False
784897,3066,SESHAPAPER,SESHASAYEE PAPER & BOARDS,0.0,,0.0,0.05,1,EQ,NSE,NSE,False,False,False,False
787969,3078,SHANTIGEAR,SHANTHI GEARS,0.0,,0.0,0.05,1,EQ,NSE,NSE,False,False,False,False
790529,3088,INDOSTAR,INDOSTAR CAPITAL FIN,0.0,,0.0,0.05,1,EQ,NSE,NSE,False,False,False,False
793345,3099,SHREDIGCEM,SHREE DIGVIJAY CEM CO,0.0,,0.0,0.01,1,EQ,NSE,NSE,False,False,False,False
794369,3103,SHREECEM,SHREE CEMENT,0.0,,0.0,5.0,1,EQ,NSE,NSE,False,False,False,False
800257,3126,SHREYANIND,SHREYANS INDUSTRIES,0.0,,0.0,0.01,1,EQ,NSE,NSE,False,False,False,False
800513,3127,BARBEQUE,BARBEQUE NATION HOSP.,0.0,,0.0,0.05,1,EQ,NSE,NSE,False,False,False,False
801025,3129,TRANSWORLD,TRANSWORLD SHIP LINES,0.0,,0.0,0.01,1,EQ,NSE,NSE,False,False,False,False
803329,3138,HONDAPOWER,HONDA I POWER PRODUCT,0.0,,0.0,0.1,1,EQ,NSE,NSE,False,False,False,False
806145,3149,BORORENEW,BOROSIL RENEWABLES,0.0,,0.0,0.05,1,EQ,NSE,NSE,False,False,False,False
806401,3150,SIEMENS,SIEMENS,0.0,,0.0,0.1,1,EQ,NSE,NSE,False,False,False,False
809473,3162,SIMPLEXINF,SIMPLEX INFRASTRUCTURES L,0.0,,0.0,0.05,1,EQ,NSE,NSE,False,False,False,False
812033,3172,GILT5YBEES,RELCAPAMC - NETFGILT5Y,0.0,,0.0,0.01,1,EQ,NSE,NSE,False,False,False,False
815617,3186,SKFINDIA,SKF INDIA,0.0,,0.0,0.1,1,EQ,NSE,NSE,False,False,False,False
819713,3202,563GS2026-GS,GOI LOAN  5.63% 2026,0.0,,0.0,0.01,1,EQ,NSE,NSE,False,False,False,False
820225,3204,664GS2035-GS,GOI LOAN  6.64% 2035,0.0,,0.0,0.01,1,EQ,NSE,NSE,False,False,False,False
824321,3220,LODHA,LODHA DEVELOPERS,0.0,,0.0,0.1,1,EQ,NSE,NSE,False,False,False,False
828673,3237,JTEKTINDIA,JTEKT INDIA,0.0,,0.0,0.01,1,EQ,NSE,NSE,False,False,False,False
831233,3247,NITIRAJ,NITIRAJ ENGINEERS,0.0,,0.0,0.01,1,EQ,NSE,NSE,False,False,False,False
832513,3252,SPIC,SPIC,0.0,,0.0,0.01,1,EQ,NSE,NSE,False,False,False,False
837889,3273,SRF,SRF,0.0,,0.0,0.1,1,EQ,NSE,NSE,False,False,False,True
838401,3275,TEMBO,TEMBO GLOBAL IND,0.0,,0.0,0.05,1,EQ,NSE,NSE,False,False,False,False
842497,3291,STARPAPER,STAR PAPER MILLS,0.0,,0.0,0.01,1,EQ,NSE,NSE,False,False,False,False
842753,3292,DEEPINDS,DEEP INDUSTRIES,0.0,,0.0,0.05,1,EQ,NSE,NSE,False,False,False,False
848897,3316,MODISONLTD,MODISON,0.0,,0.0,0.01,1,EQ,NSE,NSE,False,False,False,False
850177,3321,SPMLINFRA,SPML INFRA,0.0,,0.0,0.05,1,EQ,NSE,NSE,False,False,False,False
850945,3324,SUBROS,SUBROS,0.0,,0.0,0.05,1,EQ,NSE,NSE,False,False,False,False
851713,3327,SUDARSCHEM,SUDARSHAN CHEMICAL INDS L,0.0,,0.0,0.1,1,EQ,NSE,NSE,False,False,False,False
852225,3329,ISGEC,ISGEC HEAVY ENG,0.0,,0.0,0.05,1,EQ,NSE,NSE,False,False,False,False
854785,3339,SUNDARMFIN,SUNDARAM FINANCE,0.0,,0.0,0.1,1,EQ,NSE,NSE,False,False,False,False
856321,3345,SUNDRMFAST,SUNDRAM FASTENERS,0.0,,0.0,0.1,1,EQ,NSE,NSE,False,False,False,False
857089,3348,SUNFLAG,SUNFLAG IRON AND STEEL CO,0.0,,0.0,0.05,1,EQ,NSE,NSE,False,False,False,False
857857,3351,SUNPHARMA,SUN PHARMACEUTICAL IND L,0.0,,0.0,0.1,1,EQ,NSE,NSE,True,False,False,False
859393,3357,SUPERSPIN,SUPER SPINNING MILLS,0.0,,0.0,0.01,1,EQ,NSE,NSE,False,False,False,False
860929,3363,SUPREMEIND,SUPREME INDUSTRIES,0.0,,0.0,0.1,1,EQ,NSE,NSE,False,False,False,False
864001,3375,SURYAROSNI,SURYA ROSHNI,0.0,,0.0,0.05,1,EQ,NSE,NSE,False,False,False,False
866305,3384,SWARAJENG,SWARAJ ENGINES,0.0,,0.0,0.1,1,EQ,NSE,NSE,False,False,False,False
867073,3387,SMLISUZU,SML ISUZU,0.0,,0.0,0.1,1,EQ,NSE,NSE,False,False,False,False
867585,3389,AGARIND,AGARWAL INDS CORP,0.0,,0.0,0.05,1,EQ,NSE,NSE,False,False,False,False
869377,3396,TAINWALCHM,TAINWALA CHEMICAL AND PLA,0.0,,0.0,0.01,1,EQ,NSE,NSE,False,False,False,False
871169,3403,AJOONI,AJOONI BIOTECH,0.0,,0.0,0.01,1,EQ,NSE,NSE,False,False,False,False
871681,3405,TATACHEM,TATA CHEMICALS,0.0,,0.0,0.05,1,EQ,NSE,NSE,False,False,True,False
873217,3411,TATAELXSI,TATA ELXSI,0.0,,0.0,0.5,1,EQ,NSE,NSE,False,False,True,False
874753,3417,HONAUT,HONEYWELL AUTOMATION IND,0.0,,0.0,5.0,1,EQ,NSE,NSE,False,False,False,False
877057,3426,TATAPOWER,TATA POWER CO,0.0,,0.0,0.05,1,EQ,NSE,NSE,False,False,False,False
878593,3432,TATACONSUM,TATA CONSUMER PRODUCT,0.0,,0.0,0.1,1,EQ,NSE,NSE,True,False,False,False
879361,3435,BBOX,BLACK BOX,0.0,,0.0,0.05,1,EQ,NSE,NSE,False,False,False,False
884737,3456,TATAMOTORS,TATA MOTORS,0.0,,0.0,0.05,1,EQ,NSE,NSE,False,False,False,False
887297,3466,TFCILTD,TOURISM FINANCE CORP. OF,0.0,,0.0,0.05,1,EQ,NSE,NSE,False,False,False,False
889601,3475,THERMAX,THERMAX,0.0,,0.0,0.1,1,EQ,NSE,NSE,False,False,False,False
891137,3481,THOMASCOOK,THOMAS COOK (INDIA),0.0,,0.0,0.01,1,EQ,NSE,NSE,False,False,False,False
891393,3482,CLSEL,CHAMAN LAL SETIA EXP,0.0,,0.0,0.05,1,EQ,NSE,NSE,False,False,False,False
891905,3484,TIL,TIL,0.0,,0.0,0.05,1,EQ,NSE,NSE,False,False,False,False
894465,3494,PGINVIT-IV,POWERGRID INFRA. INVITS,0.0,,0.0,0.01,1,EQ,NSE,NSE,False,False,False,False
894977,3496,TIRUMALCHM,THIRUMALAI CHEMICALS,0.0,,0.0,0.05,1,EQ,NSE,NSE,False,False,False,False
895745,3499,TATASTEEL,TATA STEEL,0.0,,0.0,0.01,1,EQ,NSE,NSE,True,False,False,False
897537,3506,TITAN,TITAN COMPANY,0.0,,0.0,0.1,1,EQ,NSE,NSE,True,False,False,False
897793,3507,MAFANG,MIRAEAMC - MAFANG,0.0,,0.0,0.01,1,EQ,NSE,NSE,False,False,False,False
900609,3518,TORNTPHARM,TORRENT PHARMACEUTICALS L,0.0,,0.0,0.1,1,EQ,NSE,NSE,False,False,False,False
903681,3530,AXISBPSETF,AXISAMC - AXISBPSETF,0.0,,0.0,0.01,1,EQ,NSE,NSE,False,False,False,False
907777,3546,TTKPRESTIG,TTK PRESTIGE,0.0,,0.0,0.05,1,EQ,NSE,NSE,False,False,False,False
909569,3553,EQUIPPP-BE,EQUIPPP SOC IMP TECH,0.0,,0.0,0.01,1,EQ,NSE,NSE,False,False,False,False
912129,3563,ADANIGREEN,ADANI GREEN ENERGY,0.0,,0.0,0.05,1,EQ,NSE,NSE,False,False,False,False
913921,3570,UCAL,UCAL,0.0,,0.0,0.01,1,EQ,NSE,NSE,False,False,False,False
916225,3579,UNICHEMLAB,UNICHEM LABORATORIES,0.0,,0.0,0.05,1,EQ,NSE,NSE,False,False,False,False
918017,3586,MOKSH,MOKSH ORNAMENTS,0.0,,0.0,0.01,1,EQ,NSE,NSE,False,False,False,False
923393,3607,UNIVCABLES,UNIVERSAL CABLES,0.0,,0.0,0.05,1,EQ,NSE,NSE,False,False,False,False
923649,3608,AXISHCETF,AXISAMC - AXISHCETF,0.0,,0.0,0.01,1,EQ,NSE,NSE,False,False,False,False
928257,3626,HEALTHIETF,ICICIPRAMC - ICICIPHARM,0.0,,0.0,0.01,1,EQ,NSE,NSE,False,False,False,False
931073,3637,JUBLPHARMA,JUBILANT PHARMOVA,0.0,,0.0,0.1,1,EQ,NSE,NSE,False,False,False,False
933377,3646,VARDMNPOLY,VARDHMAN POLYTEX,0.0,,0.0,0.01,1,EQ,NSE,NSE,False,False,False,False
940033,3672,SOLARA,SOLARA ACTIVE PHA SCI,0.0,,0.0,0.05,1,EQ,NSE,NSE,False,False,False,False
941057,3676,VESUVIUS,VESUVIUS INDIA,0.0,,0.0,0.05,1,EQ,NSE,NSE,False,False,False,False
945665,3694,VINDHYATEL,VINDHYA TELELINKS,0.0,,0.0,0.1,1,EQ,NSE,NSE,False,False,False,False
946945,3699,GAYAHWS-BE,GAYATRI HIGHWAYS,0.0,,0.0,0.01,1,EQ,NSE,NSE,False,False,False,False
947969,3703,VIPIND,VIP INDUSTRIES,0.0,,0.0,0.05,1,EQ,NSE,NSE,False,False,False,False
951041,3715,VLSFINANCE,VLS FINANCE,0.0,,0.0,0.01,1,EQ,NSE,NSE,False,False,False,False
951809,3718,VOLTAS,VOLTAS,0.0,,0.0,0.1,1,EQ,NSE,NSE,False,False,False,False
952577,3721,TATACOMM,TATA COMMUNICATIONS,0.0,,0.0,0.1,1,EQ,NSE,NSE,False,False,False,False
953345,3724,VSTIND,VST INDUSTRIES,0.0,,0.0,0.05,1,EQ,NSE,NSE,False,False,False,False
954113,3727,ANMOL,ANMOL INDIA,0.0,,0.0,0.01,1,EQ,NSE,NSE,False,False,False,False
956417,3736,WALCHANNAG,WALCHANDNAGAR INDUSTRIES,0.0,,0.0,0.01,1,EQ,NSE,NSE,False,False,False,False
957953,3742,SGBMAY29I-GB,2.5%GOLDBONDS2029SR-I,0.0,,0.0,0.01,1,EQ,NSE,NSE,False,False,False,False
958209,3743,SGBJUN29II-GB,2.5%GOLDBONDS2029SR-II,0.0,,0.0,0.01,1,EQ,NSE,NSE,False,False,False,False
958465,3744,FINEORG,FINE ORGANIC IND.,0.0,,0.0,0.1,1,EQ,NSE,NSE,False,False,False,False
959489,3748,WEIZMANIND,WEIZMANN,0.0,,0.0,0.01,1,EQ,NSE,NSE,False,False,False,False
961793,3757,VENKEYS,VENKY S (INDIA),0.0,,0.0,0.1,1,EQ,NSE,NSE,False,False,False,False
962817,3761,RITES,RITES,0.0,,0.0,0.01,1,EQ,NSE,NSE,False,False,False,False
964097,3766,WHEELS,WHEELS INDIA,0.0,,0.0,0.05,1,EQ,NSE,NSE,False,False,False,False
965633,3772,WILLAMAGOR,WILLIAMSON MAGOR,0.0,,0.0,0.01,1,EQ,NSE,NSE,False,False,False,False
969473,3787,WIPRO,WIPRO,0.0,,0.0,0.01,1,EQ,NSE,NSE,False,False,False,False
972545,3799,WSTCSTPAPR,WEST COAST PAPER MILLS LT,0.0,,0.0,0.05,1,EQ,NSE,NSE,False,False,False,False
972801,3800,SGBJU29III-GB,2.5%GOLDBONDS2029SR-III,0.0,,0.0,0.01,1,EQ,NSE,NSE,False,False,False,False
974593,3807,VINEETLAB,VINEET LABORATORIES,0.0,,0.0,0.01,1,EQ,NSE,NSE,False,False,False,False
975873,3812,ZEEL,ZEE ENTERTAINMENT ENT,0.0,,0.0,0.01,1,EQ,NSE,NSE,False,False,False,False
976129,3813,ARIHANTCAP,ARIHANT CAPITAL MKTS,0.0,,0.0,0.01,1,EQ,NSE,NSE,False,False,False,False
978177,3821,ZODIACLOTH,ZODIAC CLOTHING CO.,0.0,,0.0,0.01,1,EQ,NSE,NSE,False,False,False,False
979713,3827,ZUARIIND,ZUARI INDUSTRIES,0.0,,0.0,0.05,1,EQ,NSE,NSE,False,False,False,False
981505,3834,BHARATRAS,BHARAT RASAYAN,0.0,,0.0,1.0,1,EQ,NSE,NSE,False,False,False,False
982273,3837,TOKYOPLAST,TOKYO PLAST INTL,0.0,,0.0,0.01,1,EQ,NSE,NSE,False,False,False,False
987393,3857,VARROC,VARROC ENGINEERING,0.0,,0.0,0.05,1,EQ,NSE,NSE,False,False,False,False
993281,3880,SOMANYCERA,SOMANY CERAMICS,0.0,,0.0,0.05,1,EQ,NSE,NSE,False,False,False,False
996353,3892,HATSUN,HATSUN AGRO PRODUCT,0.0,,0.0,0.05,1,EQ,NSE,NSE,False,False,False,False
999937,3906,CAPLIPOINT,CAPLIN POINT LAB,0.0,,0.0,0.1,1,EQ,NSE,NSE,False,False,False,False
1000449,3908,PREMIERPOL,PREMIER POLYFILM,0.0,,0.0,0.01,1,EQ,NSE,NSE,False,False,False,False
1001473,3912,KHAITANLTD,KHAITAN (INDIA)LTD.,0.0,,0.0,0.01,1,EQ,NSE,NSE,False,False,False,False
1003009,3918,NATCOPHARM,NATCO PHARMA,0.0,,0.0,0.05,1,EQ,NSE,NSE,False,False,True,False
1014529,3963,GOCLCORP,GOCL CORPORATION,0.0,,0.0,0.05,1,EQ,NSE,NSE,False,False,False,False
1015041,3965,REMSONSIND,REMSONS INDUSTRIES,0.0,,0.0,0.01,1,EQ,NSE,NSE,False,False,False,False
1016833,3972,PARASPETRO,PARAS PETROFILS,0.0,,0.0,0.01,1,EQ,NSE,NSE,False,False,False,False
1018881,3980,TNPL,TAMILNADU NEWSPRT & PAPER,0.0,,0.0,0.01,1,EQ,NSE,NSE,False,False,False,False
1020673,3987,GREENPLY,GREENPLY INDUSTRIES,0.0,,0.0,0.05,1,EQ,NSE,NSE,False,False,False,False
1025793,4007,CORALFINAC,CORAL INDIA FIN & HOUS LT,0.0,,0.0,0.01,1,EQ,NSE,NSE,False,False,False,False
1027585,4014,NAVA,NAVA,0.0,,0.0,0.05,1,EQ,NSE,NSE,False,False,False,False
1033473,4037,AUSOMENT,AUSOM ENTERPRISE,0.0,,0.0,0.01,1,EQ,NSE,NSE,False,False,False,False
1034241,4040,EIMCOELECO,EIMCO ELECON (INDIA),0.0,,0.0,0.1,1,EQ,NSE,NSE,False,False,False,False
1034497,4041,JAYAGROGN,JAYANT AGRO ORGANICS,0.0,,0.0,0.01,1,EQ,NSE,NSE,False,False,False,False
1038081,4055,PANACEABIO,PANACEA BIOTEC,0.0,,0.0,0.05,1,EQ,NSE,NSE,False,False,False,False
1041153,4067,MARICO,MARICO,0.0,,0.0,0.05,1,EQ,NSE,NSE,False,False,False,True
1050881,4105,SILINV,SIL INVESTMENTS,0.0,,0.0,0.05,1,EQ,NSE,NSE,False,False,False,False
1054209,4118,HBSL-BE,HB STOCKHOLDINGS,0.0,,0.0,0.01,1,EQ,NSE,NSE,False,False,False,False
1056513,4127,SAMBHAAV,SAMBHAAV MEDIA,0.0,,0.0,0.01,1,EQ,NSE,NSE,False,False,False,False
1057281,4130,REGENCERAM,REGENCY CERAMICS,0.0,,0.0,0.01,1,EQ,NSE,NSE,False,False,False,False
1058817,4136,BIOFILCHEM,BIOFIL CHEM & PHARMA,0.0,,0.0,0.01,1,EQ,NSE,NSE,False,False,False,False
1064193,4157,KEYFINSERV,KEYNOTE FIN SERV,0.0,,0.0,0.05,1,EQ,NSE,NSE,False,False,False,False
1069057,4176,ZENITHEXPO,ZENITH EXPORTS,0.0,,0.0,0.05,1,EQ,NSE,NSE,False,False,False,False
1069825,4179,SUNDRMBRAK,SUNDARAM BRAK LININGS,0.0,,0.0,0.05,1,EQ,NSE,NSE,False,False,False,False
1071105,4184,SANGAMIND,SANGAM (INDIA),0.0,,0.0,0.05,1,EQ,NSE,NSE,False,False,False,False
1076225,4204,MOTHERSON,SAMVRDHNA MTHRSN INTL,0.0,,0.0,0.01,1,EQ,NSE,NSE,False,False,False,False
1084161,4235,WENDT,WENDT (INDIA),0.0,,0.0,0.5,1,EQ,NSE,NSE,False,False,False,False
1086465,4244,HDFCAMC,HDFC AMC,0.0,,0.0,0.5,1,EQ,NSE,NSE,False,False,False,False
1095425,4279,DENORA,DE NORA INDIA,0.0,,0.0,0.05,1,EQ,NSE,NSE,False,False,False,False
1100545,4299,STERTOOLS,STERLING TOOLS,0.0,,0.0,0.05,1,EQ,NSE,NSE,False,False,False,False
1102337,4306,SHRIRAMFIN,SHRIRAM FINANCE,0.0,,0.0,0.05,1,EQ,NSE,NSE,True,False,False,False
1112065,4344,PUNJABCHEM,PUNJAB CHEM & CROP PROT L,0.0,,0.0,0.1,1,EQ,NSE,NSE,False,False,False,False
1120769,4378,SENSEXIETF,ICICI PRUD SENSEX ETF,0.0,,0.0,0.01,1,EQ,NSE,NSE,False,False,False,False
1124097,4391,GULFOILLUB,GULF OIL LUB. IND.,0.0,,0.0,0.1,1,EQ,NSE,NSE,False,False,False,False
1124865,4394,MIRZAINT,MIRZA INTERNATIONAL LIMIT,0.0,,0.0,0.01,1,EQ,NSE,NSE,False,False,False,False
1128961,4410,JAGSNPHARM,JAGSONPAL PHARMACEUTICALS,0.0,,0.0,0.01,1,EQ,NSE,NSE,False,False,False,False
1131777,4421,CREDITACC,CREDITACCESS GRAMEEN,0.0,,0.0,0.1,1,EQ,NSE,NSE,False,False,False,False
1132033,4422,INDIANCARD,INDIAN CARD CLOTHING CO.,0.0,,0.0,0.05,1,EQ,NSE,NSE,False,False,False,False
1144065,4469,ELECTHERM,ELECTROTHERM (I),0.0,,0.0,0.05,1,EQ,NSE,NSE,False,False,False,False
1147137,4481,AARTIDRUGS,AARTI DRUGS,0.0,,0.0,0.05,1,EQ,NSE,NSE,False,False,False,False
1148673,4487,ALKYLAMINE,ALKYL AMINES CHEM.,0.0,,0.0,0.1,1,EQ,NSE,NSE,False,False,False,False
1149697,4491,JCHAC,JOHNSON CONTROLS HITACHI,0.0,,0.0,0.1,1,EQ,NSE,NSE,False,False,False,False
1152769,4503,MPHASIS,MPHASIS,0.0,,0.0,0.1,1,EQ,NSE,NSE,False,False,False,False
1157633,4522,SIGIND,SIGNET INDUSTRIES,0.0,,0.0,0.01,1,EQ,NSE,NSE,False,False,False,False
1158401,4525,DYNAMATECH,DYNAMATIC TECHNOLOGIES,0.0,,0.0,0.5,1,EQ,NSE,NSE,False,False,False,False
1159425,4529,NEXT50IETF,ICICIPRAMC - ICICINXT50,0.0,,0.0,0.01,1,EQ,NSE,NSE,False,False,False,False
1164289,4548,GUJRAFFIA,GUJARAT RAFFIA INDUST,0.0,,0.0,0.01,1,EQ,NSE,NSE,False,False,False,False
1168897,4566,RUCHINFRA,RUCHI INFRASTRUCTURE,0.0,,0.0,0.01,1,EQ,NSE,NSE,False,False,False,False
1169409,4568,ATLASCYCLE,ATLAS CYCLE (HARYANA),0.0,,0.0,0.01,1,EQ,NSE,NSE,False,False,False,False
1174273,4587,RAMCOIND,RAMCO INDUSTRIES,0.0,,0.0,0.05,1,EQ,NSE,NSE,False,False,False,False
1176065,4594,KOTHARIPET,KOTHARI PETROCHEM,0.0,,0.0,0.01,1,EQ,NSE,NSE,False,False,False,False
1177089,4598,HERITGFOOD,HERITAGE FOODS,0.0,,0.0,0.05,1,EQ,NSE,NSE,False,False,False,False
1191937,4656,SBCL,SHIVALIK BIMETAL CON.,0.0,,0.0,0.05,1,EQ,NSE,NSE,False,False,False,False
1195009,4668,BANKBARODA,BANK OF BARODA,0.0,,0.0,0.01,1,EQ,NSE,NSE,False,True,False,False
1199105,4684,SONACOMS,SONA BLW PRECISION FRGS L,0.0,,0.0,0.05,1,EQ,NSE,NSE,False,False,True,False
1201409,4693,SHYAMMETL,SHYAM METALICS AND ENGY L,0.0,,0.0,0.05,1,EQ,NSE,NSE,False,False,False,False
1207553,4717,GAIL,GAIL (INDIA),0.0,,0.0,0.01,1,EQ,NSE,NSE,False,False,False,False
1214721,4745,BANKINDIA,BANK OF INDIA,0.0,,0.0,0.01,1,EQ,NSE,NSE,False,False,False,False
1215233,4747,INDNIPPON,INDIA NIPPON ELECT ,0.0,,0.0,0.05,1,EQ,NSE,NSE,False,False,False,False
1215745,4749,CONCOR,CONTAINER CORP OF IND,0.0,,0.0,0.05,1,EQ,NSE,NSE,False,False,False,False
1216257,4751,INDRAMEDCO,INDRAPRASTHA MEDICAL CORP,0.0,,0.0,0.05,1,EQ,NSE,NSE,False,False,False,False
1221377,4771,TCIFINANCE,TCI FINANCE,0.0,,0.0,0.01,1,EQ,NSE,NSE,False,False,False,False
1222145,4774,LAKPRE-BZ,LAKSHMI PRE SCRE,0.0,,0.0,0.01,1,EQ,NSE,NSE,False,False,False,False
1222401,4775,DCMFINSERV,DCM FINANCIAL SERVICES LT,0.0,,0.0,0.01,1,EQ,NSE,NSE,False,False,False,False
1226497,4791,RELINFRA-BE,RELIANCE INFRASTRUCTU,0.0,,0.0,0.05,1,EQ,NSE,NSE,False,False,False,False
1231105,4809,KCPSUGIND,KCP SUGAR IND CORP,0.0,,0.0,0.01,1,EQ,NSE,NSE,False,False,False,False
1234433,4822,DODLA,DODLA DAIRY,0.0,,0.0,0.1,1,EQ,NSE,NSE,False,False,False,False
1238529,4838,LIQUIDIETF,ICICIPRAMC - ICICILIQ,0.0,,0.0,0.01,1,EQ,NSE,NSE,False,False,False,False
1239809,4843,SNOWMAN,SNOWMAN LOGISTICS,0.0,,0.0,0.01,1,EQ,NSE,NSE,False,False,False,False
1240833,4847,KIMS,KRISHNA INST OF MED SCI L,0.0,,0.0,0.05,1,EQ,NSE,NSE,False,False,False,False
1252353,4892,SAREGAMA,SAREGAMA INDIA,0.0,,0.0,0.05,1,EQ,NSE,NSE,False,False,False,False
1253889,4898,FDC,FDC,0.0,,0.0,0.05,1,EQ,NSE,NSE,False,False,False,False
1256193,4907,ENGINERSIN,ENGINEERS INDIA,0.0,,0.0,0.01,1,EQ,NSE,NSE,False,False,False,False
1257217,4911,MADRASFERT,MADRAS FERTILISERS,0.0,,0.0,0.01,1,EQ,NSE,NSE,False,False,False,False
1259521,4920,HINDCON,HINDCON CHEMICALS,0.0,,0.0,0.01,1,EQ,NSE,NSE,False,False,False,False
1263105,4934,IPL,INDIA PESTICIDES,0.0,,0.0,0.01,1,EQ,NSE,NSE,False,False,False,False
1267969,4953,ADROITINFO,ADROIT INFOTECH,0.0,,0.0,0.01,1,EQ,NSE,NSE,False,False,False,False
1268993,4957,GANGAFORGE,GANGA FORGING,0.0,,0.0,0.01,1,EQ,NSE,NSE,False,False,False,False
1270529,4963,ICICIBANK,ICICI BANK,0.0,,0.0,0.1,1,EQ,NSE,NSE,True,True,False,False
1273089,4973,PHARMABEES,NIPPONAMC - NETFPHARMA,0.0,,0.0,0.01,1,EQ,NSE,NSE,False,False,False,False
1276417,4986,IRCON,IRCON INTERNATIONAL,0.0,,0.0,0.01,1,EQ,NSE,NSE,False,False,False,False
1277953,4992,SHARDACROP,SHARDA CROPCHEM,0.0,,0.0,0.05,1,EQ,NSE,NSE,False,False,False,False
1282561,5010,GOENKA-BZ,GOENKA DIAMOND&JEWELS,0.0,,0.0,0.01,1,EQ,NSE,NSE,False,False,False,False
1283073,5012,610GS2031-GS,GOI LOAN  6.10% 2031,0.0,,0.0,0.01,1,EQ,NSE,NSE,False,False,False,False
1285121,5020,SVPGLOB,SVP GLOBAL TEXTILES,0.0,,0.0,0.01,1,EQ,NSE,NSE,False,False,False,False
1292545,5049,CLEAN,CLEAN SCIENCE & TECH,0.0,,0.0,0.1,1,EQ,NSE,NSE,False,False,False,False
1293825,5054,GRINFRA,G R INFRAPROJECTS,0.0,,0.0,0.1,1,EQ,NSE,NSE,False,False,False,False
1297409,5068,SHEMAROO,SHEMAROO ENTER.,0.0,,0.0,0.01,1,EQ,NSE,NSE,False,False,False,False
1304833,5097,ETERNAL,ETERNAL - ZOMATO,0.0,,0.0,0.05,1,EQ,NSE,NSE,True,False,False,False
1307649,5108,KPIGREEN,KPI GREEN ENERGY,0.0,,0.0,0.05,1,EQ,NSE,NSE,False,False,False,False
1308929,5113,SGBJUL29IV-GB,2.50%GOLDBONDS2029SR-IV,0.0,,0.0,0.01,1,EQ,NSE,NSE,False,False,False,False
1309185,5114,SGIL,SYNERGY GREEN IND.,0.0,,0.0,0.05,1,EQ,NSE,NSE,False,False,False,False
1316353,5142,CIGNITITEC,CIGNITI TECHNOLOGIES,0.0,,0.0,0.1,1,EQ,NSE,NSE,False,False,False,False
1316609,5143,JAICORPLTD,JAI CORP,0.0,,0.0,0.01,1,EQ,NSE,NSE,False,False,False,False
1321473,5162,TATVA,TATVA CHIN PHARM CHEM,0.0,,0.0,0.1,1,EQ,NSE,NSE,False,False,False,False
1323009,5168,SBIETFCON,SBIAMC - SBIETFCON,0.0,,0.0,0.01,1,EQ,NSE,NSE,False,False,False,False
1327617,5186,STYLAMIND,STYLAM INDUSTRIES,0.0,,0.0,0.1,1,EQ,NSE,NSE,False,False,False,False
1329665,5194,ANTGRAPHIC,ANTARCTICA,0.0,,0.0,0.01,1,EQ,NSE,NSE,False,False,False,False
1332225,5204,GMDCLTD,GUJARAT MINERAL DEV CORP,0.0,,0.0,0.05,1,EQ,NSE,NSE,False,False,False,False
1336321,5220,BFSI,MIRAEAMC - MAFSETF,0.0,,0.0,0.01,1,EQ,NSE,NSE,False,False,False,False
1340161,5235,TNPETRO-BE,TAMILNADU PETROPRODUCTS L,0.0,,0.0,0.01,1,EQ,NSE,NSE,False,False,False,False
1341185,5239,MAHAPEXLTD,MAHA RASHTRA APEX COPR. L,0.0,,0.0,0.01,1,EQ,NSE,NSE,False,False,False,False
1343489,5248,AAREYDRUGS-BE,AAREY DRUGS & PHARM,0.0,,0.0,0.01,1,EQ,NSE,NSE,False,False,False,False
1346049,5258,INDUSINDBK,INDUSIND BANK,0.0,,0.0,0.05,1,EQ,NSE,NSE,False,True,False,True
1347585,5264,PDSL,PDS,0.0,,0.0,0.05,1,EQ,NSE,NSE,False,False,False,False
1347841,5265,ALIVUS,ALIVUS LIFE SCIENCES,0.0,,0.0,0.05,1,EQ,NSE,NSE,False,False,False,False
1351425,5279,ROLEXRINGS,ROLEX RINGS,0.0,,0.0,0.1,1,EQ,NSE,NSE,False,False,False,False
1354753,5292,PRITIKAUTO,PRITIKA AUTO INDUS,0.0,,0.0,0.01,1,EQ,NSE,NSE,False,False,False,False
1358337,5306,FMCGIETF,ICICIPRAMC - ICICIFMCG,0.0,,0.0,0.01,1,EQ,NSE,NSE,False,False,False,False
1360129,5313,UGROCAP,UGRO CAPITAL,0.0,,0.0,0.01,1,EQ,NSE,NSE,False,False,False,False
1370113,5352,EXXARO,EXXARO TILES,0.0,,0.0,0.01,1,EQ,NSE,NSE,False,False,False,False
1371905,5359,KRSNAA,KRSNAA DIAGNOSTICS,0.0,,0.0,0.05,1,EQ,NSE,NSE,False,False,False,False
1373697,5366,WINDLAS,WINDLAS BIOTECH,0.0,,0.0,0.05,1,EQ,NSE,NSE,False,False,False,False
1375489,5373,DEVYANI,DEVYANI INTERNATIONAL,0.0,,0.0,0.01,1,EQ,NSE,NSE,False,False,False,False
1376769,5378,ASAHIINDIA,ASAHI INDIA GLASS,0.0,,0.0,0.05,1,EQ,NSE,NSE,False,False,False,False
1377793,5382,EPIGRAL,EPIGRAL,0.0,,0.0,0.1,1,EQ,NSE,NSE,False,False,False,False
1378561,5385,AAVAS,AAVAS FINANCIERS,0.0,,0.0,0.1,1,EQ,NSE,NSE,False,False,False,False
1380865,5394,MOL,MEGHMANI ORGANICS,0.0,,0.0,0.01,1,EQ,NSE,NSE,False,False,False,False
1382657,5401,NGIL,NAKODA GROUP OF IND.,0.0,,0.0,0.01,1,EQ,NSE,NSE,False,False,False,False
1384193,5407,CARTRADE,CARTRADE TECH,0.0,,0.0,0.1,1,EQ,NSE,NSE,False,False,False,False
1389057,5426,NUVOCO,NUVOCO VISTAS CORP,0.0,,0.0,0.05,1,EQ,NSE,NSE,False,False,False,False
1389569,5428,TRIGYN,TRIGYN TECHNOLOGIES,0.0,,0.0,0.01,1,EQ,NSE,NSE,False,False,False,False
1391361,5435,APTUS,APTUS VALUE HSG FIN I,0.0,,0.0,0.05,1,EQ,NSE,NSE,False,False,False,False
1394945,5449,CHEMPLASTS,CHEMPLAST SANMAR,0.0,,0.0,0.05,1,EQ,NSE,NSE,False,False,False,False
1396481,5455,SGBAUG29V-GB,2.50%GOLDBONDS2029SR-V,0.0,,0.0,0.01,1,EQ,NSE,NSE,False,False,False,False
1401601,5475,GRSE,GARDEN REACH SHIP&ENG,0.0,,0.0,0.1,1,EQ,NSE,NSE,False,False,False,False
1408257,5501,YUKEN,YUKEN INDIA,0.0,,0.0,0.1,1,EQ,NSE,NSE,False,False,False,False
1409793,5507,SERVOTECH,SERVOTECH REN POW SYS,0.0,,0.0,0.01,1,EQ,NSE,NSE,False,False,False,False
1412097,5516,JAIPURKURT,NANDANI CREATION,0.0,,0.0,0.01,1,EQ,NSE,NSE,False,False,False,False
1415169,5528,KOTHARIPRO,KOTHARI PRODUCTS,0.0,,0.0,0.01,1,EQ,NSE,NSE,False,False,False,False
1421057,5551,ABMINTLLTD-BE,ABM INTERNATIONAL,0.0,,0.0,0.01,1,EQ,NSE,NSE,False,False,False,False
1427201,5575,SGBSEP29VI-GB,2.5%GOLDBONDS2029SR-VI,0.0,,0.0,0.01,1,EQ,NSE,NSE,False,False,False,False
1427713,5577,667GS2035-GS,GOI LOAN  6.67% 2035,0.0,,0.0,0.01,1,EQ,NSE,NSE,False,False,False,False
1427969,5578,ACUTAAS,ACUTAAS CHEMICALS,0.0,,0.0,0.1,1,EQ,NSE,NSE,False,False,True,False
1429761,5585,VIJAYA,VIJAYA DIAGNOSTIC CEN,0.0,,0.0,0.1,1,EQ,NSE,NSE,False,False,False,False
1435137,5606,INTLCONV,INTL CONVEYORS,0.0,,0.0,0.01,1,EQ,NSE,NSE,False,False,False,False
1436161,5610,ASTRAZEN,ASTRAZENECA PHARMA IND LT,0.0,,0.0,0.5,1,EQ,NSE,NSE,False,False,False,False
1437185,5614,GANESHBE,GANESH BENZOPLAST,0.0,,0.0,0.01,1,EQ,NSE,NSE,False,False,False,False
1439233,5622,CEMPRO,CEMINDIA PROJECTS,0.0,,0.0,0.05,1,EQ,NSE,NSE,False,False,False,False
1442049,5633,J&KBANK,J & K BANK,0.0,,0.0,0.01,1,EQ,NSE,NSE,False,False,False,False
1443073,5637,PAR-BE,PAR DRUGS AND CHEM,0.0,,0.0,0.01,1,EQ,NSE,NSE,False,False,False,False
1445633,5647,ONWARDTEC-BE,ONWARD TECHNOLOGIES,0.0,,0.0,0.05,1,EQ,NSE,NSE,False,False,False,False
1446401,5650,SHANTI,SHANTI OVERSEAS INDIA,0.0,,0.0,0.01,1,EQ,NSE,NSE,False,False,False,False
1456129,5688,ARCHIES,ARCHIES,0.0,,0.0,0.01,1,EQ,NSE,NSE,False,False,False,False
1459457,5701,CUB,CITY UNION BANK,0.0,,0.0,0.01,1,EQ,NSE,NSE,False,False,True,False
1467393,5732,AXISCETF,AXISAMC - AXISCETF,0.0,,0.0,0.01,1,EQ,NSE,NSE,False,False,False,False
1471489,5748,CYIENT,CYIENT,0.0,,0.0,0.1,1,EQ,NSE,NSE,False,False,False,False
1472257,5751,SANSERA,SANSERA ENGINEERING,0.0,,0.0,0.1,1,EQ,NSE,NSE,False,False,False,False
1480193,5782,MASPTOP50,MIRAEAMC - MASPTOP50,0.0,,0.0,0.01,1,EQ,NSE,NSE,False,False,False,False
1497857,5851,BANKNIFTY1,KOTAKMAMC-KOTAKBKETF,0.0,,0.0,0.01,1,EQ,NSE,NSE,False,False,False,False
1501441,5865,LAGNAM,LAGNAM SPINTEX,0.0,,0.0,0.01,1,EQ,NSE,NSE,False,False,False,False
1506305,5884,PRECOT-BE,PRECOT,0.0,,0.0,0.05,1,EQ,NSE,NSE,False,False,False,False
1510401,5900,AXISBANK,AXIS BANK,0.0,,0.0,0.1,1,EQ,NSE,NSE,True,True,False,False
1513217,5911,PARAS,PARAS DEF AND SPCE TECH L,0.0,,0.0,0.05,1,EQ,NSE,NSE,False,False,False,False
1517057,5926,INTELLECT,INTELLECT DESIGN ARENA,0.0,,0.0,0.05,1,EQ,NSE,NSE,False,False,False,False
1520129,5938,MONTECARLO,MONTE CARLO FASHIONS,0.0,,0.0,0.05,1,EQ,NSE,NSE,False,False,False,False
1522689,5948,SOUTHBANK,THE SOUTH INDIAN BANK,0.0,,0.0,0.01,1,EQ,NSE,NSE,False,False,False,False
1524993,5957,BSLSENETFG,BIRLASLAMC - BSLSENETFG,0.0,,0.0,0.01,1,EQ,NSE,NSE,False,False,False,False
1525761,5960,SGBOCT26-GB,2.50%GOLDBONDS2026SR-II,0.0,,0.0,0.01,1,EQ,NSE,NSE,False,False,False,False
1537537,6006,COASTCORP,COASTAL CORPORATION,0.0,,0.0,0.01,1,EQ,NSE,NSE,False,False,False,False
1540609,6018,ABSLAMC,ADIT BIRL SUN LIF AMC,0.0,,0.0,0.05,1,EQ,NSE,NSE,False,False,False,False
1546753,6042,EIFFL-BE,EURO (I) FRESH FOODS,0.0,,0.0,0.01,1,EQ,NSE,NSE,False,False,False,False
1547521,6045,PASUPTAC,PASUPATI ACRYLON,0.0,,0.0,0.01,1,EQ,NSE,NSE,False,False,False,False
1549057,6051,CYBERTECH,CYBERTECH SYSTEMS & SOFTW,0.0,,0.0,0.01,1,EQ,NSE,NSE,False,False,False,False
1551873,6062,LICNETFGSC,LICNAMC - LICNMFET,0.0,,0.0,0.01,1,EQ,NSE,NSE,False,False,False,False
1552897,6066,ATGL,ADANI TOTAL GAS,0.0,,0.0,0.05,1,EQ,NSE,NSE,False,False,False,False
1553409,6068,AIROLAM,AIRO LAM,0.0,,0.0,0.01,1,EQ,NSE,NSE,False,False,False,False
1568001,6125,GOODLUCK,GOODLUCK INDIA,0.0,,0.0,0.1,1,EQ,NSE,NSE,False,False,False,False
1570817,6136,DIGJAMLMTD-BE,DIGJAM,0.0,,0.0,0.01,1,EQ,NSE,NSE,False,False,False,False
1572097,6141,PANSARI,PANSARI DEVELOPERS,0.0,,0.0,0.05,1,EQ,NSE,NSE,False,False,False,False
1576705,6159,ARTNIRMAN-BE,ART NIRMAN,0.0,,0.0,0.01,1,EQ,NSE,NSE,False,False,False,False
1577985,6164,BHAGCHEM,BHAGIRADHA CHEM & INDS L,0.0,,0.0,0.05,1,EQ,NSE,NSE,False,False,False,False
1586689,6198,FCL,FINEOTEX CHEMICAL,0.0,,0.0,0.01,1,EQ,NSE,NSE,False,False,False,False
1591297,6216,CAMLINFINE,CAMLIN FINE SCIENCES,0.0,,0.0,0.01,1,EQ,NSE,NSE,False,False,False,False
1591809,6218,SIKKO,SIKKO INDUSTRIES,0.0,,0.0,0.01,1,EQ,NSE,NSE,False,False,False,False
1594113,6227,DTIL,DHUNSERI TEA & IND.,0.0,,0.0,0.01,1,EQ,NSE,NSE,False,False,False,False
1595393,6232,3IINFOLTD,3I INFOTECH,0.0,,0.0,0.01,1,EQ,NSE,NSE,False,False,False,False
1599489,6248,PREMIER-BE,PREMIER,0.0,,0.0,0.01,1,EQ,NSE,NSE,False,False,False,False
1602049,6258,ROLTA-BZ,ROLTA INDIA,0.0,,0.0,0.01,1,EQ,NSE,NSE,False,False,False,False
1602305,6259,RAJVIR-BZ,RAJVIR INDUSTRIES,0.0,,0.0,0.01,1,EQ,NSE,NSE,False,False,False,False
1603073,6262,SELMC,SEL MANUFACTURING CO,0.0,,0.0,0.01,1,EQ,NSE,NSE,False,False,False,False
1605889,6273,PVP-BE,PVP VENTURES,0.0,,0.0,0.01,1,EQ,NSE,NSE,False,False,False,False
1607169,6278,MEDICAMEQ,MEDICAMEN BIOTECH,0.0,,0.0,0.05,1,EQ,NSE,NSE,False,False,False,False
1609217,6286,GULPOLY,GULSHAN POLYOLS,0.0,,0.0,0.01,1,EQ,NSE,NSE,False,False,False,False
1612033,6297,HEALTHY,BIRLASLAMC - HEALTHY,0.0,,0.0,0.01,1,EQ,NSE,NSE,False,False,False,False
1613313,6302,APOLSINHOT,APOLLO SINDOORI HOTEL,0.0,,0.0,0.1,1,EQ,NSE,NSE,False,False,False,False
1626369,6353,NIFTYETF,MIRAEAMC - MAN50ETF,0.0,,0.0,0.01,1,EQ,NSE,NSE,False,False,False,False
1626881,6355,SGBNOV26-GB,2.50%GOLDBONDS2026SR-III,0.0,,0.0,0.01,1,EQ,NSE,NSE,False,False,False,False
1629185,6364,NATIONALUM,NATIONAL ALUMINIUM CO,0.0,,0.0,0.01,1,EQ,NSE,NSE,False,False,False,True
1634561,6385,CCHHL,COUNTRY CLUB HOSP HOL,0.0,,0.0,0.01,1,EQ,NSE,NSE,False,False,False,False
1640193,6407,LAMBODHARA,LAMBODHARA TEXTILES,0.0,,0.0,0.01,1,EQ,NSE,NSE,False,False,False,False
1642753,6417,KRITI,KRITI INDUSTRIES IND,0.0,,0.0,0.01,1,EQ,NSE,NSE,False,False,False,False
1644033,6422,MANORG,MANGALAM ORGANICS,0.0,,0.0,0.05,1,EQ,NSE,NSE,False,False,False,False
1647361,6435,AIRTELPP-E1,AIRTEL RS. 1.25 PPD UP,0.0,,0.0,0.05,1,EQ,NSE,NSE,False,False,False,False
1649921,6445,TECHNOE,TECHNO ELEC & ENG CO.,0.0,,0.0,0.1,1,EQ,NSE,NSE,False,False,False,False
1650177,6446,CONSUMIETF,ICICIPRAMC - ICICICONSU,0.0,,0.0,0.01,1,EQ,NSE,NSE,False,False,False,False
1654273,6462,TECH,BIRLASLAMC - TECH,0.0,,0.0,0.01,1,EQ,NSE,NSE,False,False,False,False
1664257,6501,IRIS-BE,IRIS BUSINESS SERV,0.0,,0.0,0.05,1,EQ,NSE,NSE,False,False,False,False
1668609,6518,SGBNV29VII-GB,2.5%GOLDBONDS2029SR-VII,0.0,,0.0,0.01,1,EQ,NSE,NSE,False,False,False,False
1675009,6543,GRPLTD,GRP,0.0,,0.0,0.1,1,EQ,NSE,NSE,False,False,False,False
1675521,6545,NYKAA,FSN E COMMERCE VENTURES,0.0,,0.0,0.01,1,EQ,NSE,NSE,False,False,False,True
1681409,6568,LAXMICOT,LAXMI COTSPIN,0.0,,0.0,0.01,1,EQ,NSE,NSE,False,False,False,False
1684225,6579,FINOPB,FINO PAYMENTS BANK,0.0,,0.0,0.05,1,EQ,NSE,NSE,False,False,False,False
1688577,6596,SONATSOFTW,SONATA SOFTWARE,0.0,,0.0,0.05,1,EQ,NSE,NSE,False,False,False,False
1689601,6600,GENUSPAPER,GENUS P&B,0.0,,0.0,0.01,1,EQ,NSE,NSE,False,False,False,False
1691137,6606,EQUAL50ADD,DSPAMC - DSPNEWETF,0.0,,0.0,0.01,1,EQ,NSE,NSE,False,False,False,False
1700609,6643,SJS,SJS ENTERPRISES,0.0,,0.0,0.1,1,EQ,NSE,NSE,False,False,False,False
1703937,6656,POLICYBZR,PB FINTECH,0.0,,0.0,0.1,1,EQ,NSE,NSE,False,False,False,True
1705729,6663,SIGACHI,SIGACHI INDUSTRIES,0.0,,0.0,0.01,1,EQ,NSE,NSE,False,False,False,False
1708289,6673,FOODSIN,FOODS & INNS,0.0,,0.0,0.01,1,EQ,NSE,NSE,False,False,False,False
1713921,6695,574GS2026-GS,GOI LOAN  5.74% 2026,0.0,,0.0,0.01,1,EQ,NSE,NSE,False,False,False,False
1714177,6696,699GS2051-GS,GOI LOAN  6.99% 2051,0.0,,0.0,0.01,1,EQ,NSE,NSE,False,False,False,False
1716481,6705,PAYTM,ONE 97 COMMUNICATIONS,0.0,,0.0,0.1,1,EQ,NSE,NSE,False,False,False,True
1718017,6711,IVC,IL&FS INVESTMENT MANAGERS,0.0,,0.0,0.01,1,EQ,NSE,NSE,False,False,False,False
1718529,6713,MOLDTKPAC,MOLD-TEK PACKAGING,0.0,,0.0,0.05,1,EQ,NSE,NSE,False,False,False,False
1719809,6718,SAPPHIRE,SAPPHIRE FOODS INDIA,0.0,,0.0,0.05,1,EQ,NSE,NSE,False,False,False,False
1723649,6733,JINDALSTEL,JINDAL STEEL,0.0,,0.0,0.05,1,EQ,NSE,NSE,False,False,False,False
1736193,6782,NIPPOBATRY,INDO-NATIONAL,0.0,,0.0,0.05,1,EQ,NSE,NSE,False,False,False,False
1738753,6792,SBC,SBC EXPORTS,0.0,,0.0,0.01,1,EQ,NSE,NSE,False,False,False,False
1741569,6803,STEELCAS,STEELCAST,0.0,,0.0,0.01,1,EQ,NSE,NSE,False,False,False,False
1745153,6817,695GS2061-GS,GOI LOAN  6.95% 2061,0.0,,0.0,0.01,1,EQ,NSE,NSE,False,False,False,False
1745409,6818,LATENTVIEW,LATENT VIEW ANALYTICS,0.0,,0.0,0.05,1,EQ,NSE,NSE,False,False,False,False
1749249,6833,1018GS2026-GS,GOI LOAN 10.18% 2026,0.0,,0.0,0.01,1,EQ,NSE,NSE,False,False,False,False
1749761,6835,795GS2032-GS,GOI LOAN 7.95% 2032,0.0,,0.0,0.01,1,EQ,NSE,NSE,False,False,False,False
1750017,6836,FOCUS,FOCUS LIGHTG & FIXTRS,0.0,,0.0,0.01,1,EQ,NSE,NSE,False,False,False,False
1751809,6843,SMLT,SARTHAK METALS,0.0,,0.0,0.01,1,EQ,NSE,NSE,False,False,False,False
1753089,6848,GREENLAM,GREENLAM INDUSTRIES,0.0,,0.0,0.01,1,EQ,NSE,NSE,False,False,False,False
1754369,6853,MIRCELECTR-BE,MIRCELECTR-DEPO,0.0,,0.0,0.01,1,EQ,NSE,NSE,False,False,False,False
1755649,6858,DHRUV,DHRUV CONSULTANCY SER,0.0,,0.0,0.01,1,EQ,NSE,NSE,False,False,False,False
1756929,6863,BAJAJHCARE,BAJAJ HEALTHCARE,0.0,,0.0,0.05,1,EQ,NSE,NSE,False,False,False,False
1757697,6866,601GS2028-GS,GOI LOAN 6.01% 2028,0.0,,0.0,0.01,1,EQ,NSE,NSE,False,False,False,False
1758209,6868,613GS2028-GS,GOI LOAN 6.13% 2028,0.0,,0.0,0.01,1,EQ,NSE,NSE,False,False,False,False
1759489,6873,75GS2034-GS,GOI LOAN 7.50% 2034,0.0,,0.0,0.01,1,EQ,NSE,NSE,False,False,False,False
1759745,6874,74GS2035-GS,GOI LOAN 7.40% 2035,0.0,,0.0,0.01,1,EQ,NSE,NSE,False,False,False,False
1762049,6883,833GS2036-GS,GOI LOAN 8.33% 2036,0.0,,0.0,0.01,1,EQ,NSE,NSE,False,False,False,False
1762305,6884,824GS2027-GS,GOI LOAN 8.24%2027,0.0,,0.0,0.01,1,EQ,NSE,NSE,False,False,False,False
1762561,6885,828GS2032-GS,GOI LOAN 8.28%2032,0.0,,0.0,0.01,1,EQ,NSE,NSE,False,False,False,False
1765889,6898,826GS2027-GS,GOI LOAN 8.26% 2027,0.0,,0.0,0.01,1,EQ,NSE,NSE,False,False,False,False
1766145,6899,832GS2032-GS,GOI LOAN 8.32% 2032,0.0,,0.0,0.01,1,EQ,NSE,NSE,False,False,False,False
1768449,6908,VISHNU,VISHNU CHEMICALS,0.0,,0.0,0.05,1,EQ,NSE,NSE,False,False,False,False
1769729,6913,RPPL,RAJSHREE POLYPACK,0.0,,0.0,0.01,1,EQ,NSE,NSE,False,False,False,False
1771777,6921,828GS2027-GS,GOI LOAN 8.28% 2027,0.0,,0.0,0.01,1,EQ,NSE,NSE,False,False,False,False
1772033,6922,833GS2032-GS,GOI LOAN 8.33% 2032,0.0,,0.0,0.01,1,EQ,NSE,NSE,False,False,False,False
1775361,6935,683GS2039-GS,GOI 6.83% 2039,0.0,,0.0,0.01,1,EQ,NSE,NSE,False,False,False,False
1777409,6943,TARSONS,TARSONS PRODUCTS,0.0,,0.0,0.05,1,EQ,NSE,NSE,False,False,False,False
1777665,6944,GANECOS,GANESHA ECOSPHERE,0.0,,0.0,0.1,1,EQ,NSE,NSE,False,False,False,False
1780481,6955,LINC-BE,LINC,0.0,,0.0,0.01,1,EQ,NSE,NSE,False,False,False,False
1782017,6961,MENONBE,MENON BEARINGS,0.0,,0.0,0.01,1,EQ,NSE,NSE,False,False,False,False
1782785,6964,GOCOLORS,GO FASHION INDIA,0.0,,0.0,0.05,1,EQ,NSE,NSE,False,False,False,False
1785089,6973,DMCC,DMCC SPECIALITY CHEMICALS,0.0,,0.0,0.05,1,EQ,NSE,NSE,False,False,False,False
1786113,6977,ICDSLTD,ICDS,0.0,,0.0,0.01,1,EQ,NSE,NSE,False,False,False,False
1787137,6981,83GS2040-GS,GOI LOAN 8.30% 2040,0.0,,0.0,0.01,1,EQ,NSE,NSE,False,False,False,False
1790465,6994,BSOFT,BIRLASOFT,0.0,,0.0,0.05,1,EQ,NSE,NSE,False,False,False,False
1794817,7011,897GS2030-GS,GOI LOAN 8.97% 2030,0.0,,0.0,0.01,1,EQ,NSE,NSE,False,False,False,False
1795329,7013,883GS2041-GS,GOI LOAN 8.83% 2041,0.0,,0.0,0.01,1,EQ,NSE,NSE,False,False,False,False
1796097,7016,SHIVALIK,SHIVALIK RASAYAN,0.0,,0.0,0.05,1,EQ,NSE,NSE,False,False,False,False
1796865,7019,833GS2026-GS,GOI LOAN 8.33% 2026,0.0,,0.0,0.01,1,EQ,NSE,NSE,False,False,False,False
1799681,7030,ASIANENE,ASIAN ENERGY SERVICES,0.0,,0.0,0.05,1,EQ,NSE,NSE,False,False,False,False
1800705,7034,83GS2042-GS,GOI LOAN 8.30% 2042,0.0,,0.0,0.01,1,EQ,NSE,NSE,False,False,False,False
1801985,7039,92GS2030-GS,GOI LOAN 9.20% 2030,0.0,,0.0,0.01,1,EQ,NSE,NSE,False,False,False,False
1804289,7048,HESTERBIO,HESTER BIOSCIENCES,0.0,,0.0,0.1,1,EQ,NSE,NSE,False,False,False,False
1805569,7053,ACCELYA,ACCELYA SOLN INDIA,0.0,,0.0,0.1,1,EQ,NSE,NSE,False,False,False,False
1810945,7074,MAHKTECH,MIRAEAMC - MAHKTECH,0.0,,0.0,0.01,1,EQ,NSE,NSE,False,False,False,False
1813249,7083,STARHEALTH,STAR HEALTH & AL INS CO L,0.0,,0.0,0.05,1,EQ,NSE,NSE,False,False,False,False
1814273,7087,923GS2043-GS,GOI LOAN 9.23% 2043,0.0,,0.0,0.01,1,EQ,NSE,NSE,False,False,False,False
1814529,7088,86GS2028-GS,GOI LOAN 8.6% 2028,0.0,,0.0,0.01,1,EQ,NSE,NSE,False,False,False,False
1815297,7091,SEJALLTD,SEJAL GLASS,0.0,,0.0,0.05,1,EQ,NSE,NSE,False,False,False,False
1817089,7098,SGBD29VIII-GB,2.50%GOLDBONDS2029SR-VIII,0.0,,0.0,0.01,1,EQ,NSE,NSE,False,False,False,False
1818881,7105,TEGA,TEGA INDUSTRIES,0.0,,0.0,0.1,1,EQ,NSE,NSE,False,False,False,False
1819137,7106,824GS2033-GS,GOI LOAN 8.24% 2033,0.0,,0.0,0.01,1,EQ,NSE,NSE,False,False,False,False
1819905,7109,JMA,JULLUNDUR MOT AGENCY,0.0,,0.0,0.01,1,EQ,NSE,NSE,False,False,False,False
1821185,7114,815GS2026-GS,GOI LOAN 8.15% 2026,0.0,,0.0,0.01,1,EQ,NSE,NSE,False,False,False,False
1821441,7115,817GS2044-GS,GOI LOAN 8.17% 2044,0.0,,0.0,0.01,1,EQ,NSE,NSE,False,False,False,False
1823233,7122,788GS2030-GS,GOI LOAN 7.88% 2030,0.0,,0.0,0.01,1,EQ,NSE,NSE,False,False,False,False
1823745,7124,813GS2045-GS,GOI LOAN 8.13% 2045,0.0,,0.0,0.01,1,EQ,NSE,NSE,False,False,False,False
1824513,7127,773GS2034-GS,GOI LOAN 7.73% 2034,0.0,,0.0,0.01,1,EQ,NSE,NSE,False,False,False,False
1825281,7130,759GS2029-GS,GOI LOAN 7.59% 2029,0.0,,0.0,0.01,1,EQ,NSE,NSE,False,False,False,False
1826817,7136,772GS2055-GS,GOI LOAN 7.72% 2055,0.0,,0.0,0.01,1,EQ,NSE,NSE,False,False,False,False
1827329,7138,ZODIAC-BE,ZODIAC ENERGY,0.0,,0.0,0.05,1,EQ,NSE,NSE,False,False,False,False
1827585,7139,759GS2026-GS,GOI LOAN 7.59% 2026,0.0,,0.0,0.01,1,EQ,NSE,NSE,False,False,False,False
1828353,7142,761GS2030-GS,GOI LOAN 7.61% 2030,0.0,,0.0,0.01,1,EQ,NSE,NSE,False,False,False,False
1829121,7145,ANANDRATHI,ANAND RATHI WEALTH,0.0,,0.0,0.1,1,EQ,NSE,NSE,False,False,True,False
1832449,7158,697GS2026-GS,GOI LOAN 6.97% 2026,0.0,,0.0,0.01,1,EQ,NSE,NSE,False,False,False,False
1835265,7169,MICEL,MIC ELECTRONICS,0.0,,0.0,0.01,1,EQ,NSE,NSE,False,False,False,False
1837313,7177,RATEGAIN,RATEGAIN TRAVEL TECHN,0.0,,0.0,0.05,1,EQ,NSE,NSE,False,False,False,False
1839105,7184,706GS2046-GS,GOI LOAN 7.06% 2046,0.0,,0.0,0.01,1,EQ,NSE,NSE,False,False,False,False
1841409,7193,662GS2051-GS,GOI LOAN 6.62% 2051,0.0,,0.0,0.01,1,EQ,NSE,NSE,False,False,False,False
1841665,7194,657GS2033-GS,GOI LOAN 6.57% 2033,0.0,,0.0,0.01,1,EQ,NSE,NSE,False,False,False,False
1841921,7195,679GS2029-GS,GOI LOAN 6.79% 2029,0.0,,0.0,0.01,1,EQ,NSE,NSE,False,False,False,False
1842177,7196,BBETF0432,EDELAMC - BBETF0432,0.0,,0.0,0.01,1,EQ,NSE,NSE,False,False,False,False
1843201,7200,SHRIRAMPPS,SHRIRAM PROPERTIES,0.0,,0.0,0.01,1,EQ,NSE,NSE,False,False,False,False
1843713,7202,679GS2027-GS,GOI LOAN 6.79% 2027,0.0,,0.0,0.01,1,EQ,NSE,NSE,False,False,False,False
1844481,7205,668GS2031-GS,GOI LOAN 6.68% 2031,0.0,,0.0,0.01,1,EQ,NSE,NSE,False,False,False,False
1845249,7208,717GS2028-GS,GOI LOAN 7.17% 2028,0.0,,0.0,0.01,1,EQ,NSE,NSE,False,False,False,False
1846017,7211,JETFREIGHT,JET FREIGHT LOGISTICS,0.0,,0.0,0.01,1,EQ,NSE,NSE,False,False,False,False
1847809,7218,SBIETFQLTY,SBIAMC - SBIETFQLTY,0.0,,0.0,0.01,1,EQ,NSE,NSE,False,False,False,False
1850113,7227,MAPMYINDIA,C.E. INFO SYSTEMS,0.0,,0.0,0.1,1,EQ,NSE,NSE,False,False,False,False
1850625,7229,HCLTECH,HCL TECHNOLOGIES,0.0,,0.0,0.1,1,EQ,NSE,NSE,True,False,False,False
1853953,7242,METROBRAND,METRO BRANDS,0.0,,0.0,0.1,1,EQ,NSE,NSE,False,False,False,False
1857025,7254,MEDPLUS,MEDPLUS HEALTH SERV,0.0,,0.0,0.05,1,EQ,NSE,NSE,False,False,False,False
1865473,7287,JTLIND,JTL INDUSTRIES,0.0,,0.0,0.01,1,EQ,NSE,NSE,False,False,False,False
1875201,7325,DCMSRIND,DCM SHRIRAM IND,0.0,,0.0,0.01,1,EQ,NSE,NSE,False,False,False,False
1878785,7339,ABSLNN50ET,BIRLASLAMC - ABSLNN50ET,0.0,,0.0,0.01,1,EQ,NSE,NSE,False,False,False,False
1882369,7353,SETFNN50,SBI-ETF NIFTY NEXT 50,0.0,,0.0,0.01,1,EQ,NSE,NSE,False,False,False,False
1883649,7358,DATAPATTNS,DATA PATTERNS INDIA,0.0,,0.0,0.1,1,EQ,NSE,NSE,False,False,False,False
1884417,7361,SETFNIFBK,SBI-ETF NIFTY BANK,0.0,,0.0,0.01,1,EQ,NSE,NSE,False,False,False,False
1887745,7374,STAR,STRIDES PHARMA SCI,0.0,,0.0,0.05,1,EQ,NSE,NSE,False,False,False,False
1888257,7376,HPAL,HP ADHESIVES,0.0,,0.0,0.01,1,EQ,NSE,NSE,False,False,False,False
1891841,7390,SUPRIYA,SUPRIYA LIFESCIENCE,0.0,,0.0,0.05,1,EQ,NSE,NSE,False,False,False,False
1894657,7401,RAJESHEXPO,RAJESH EXPORTS,0.0,,0.0,0.01,1,EQ,NSE,NSE,False,False,False,False
1895937,7406,GLENMARK,GLENMARK PHARMACEUTICALS,0.0,,0.0,0.1,1,EQ,NSE,NSE,False,False,False,True
1897217,7411,NILASPACES,NILA SPACES,0.0,,0.0,0.01,1,EQ,NSE,NSE,False,False,False,False
1897473,7412,ALPHA,KOTAKMAMC - KOTAKALPHA,0.0,,0.0,0.01,1,EQ,NSE,NSE,False,False,False,False
1897729,7413,MANAKCOAT,MAN COAT METAL & IND,0.0,,0.0,0.01,1,EQ,NSE,NSE,False,False,False,False
1899521,7420,MANAKALUCO,MANAK ALUMINIUM CO.,0.0,,0.0,0.01,1,EQ,NSE,NSE,False,False,False,False
1900033,7422,MONQ50,MOTILALAMC - MONQ50,0.0,,0.0,0.01,1,EQ,NSE,NSE,False,False,False,False
1900801,7425,HECPROJECT,HEC INFRA PROJECTS,0.0,,0.0,0.01,1,EQ,NSE,NSE,False,False,False,False
1907457,7451,NIFTY50ADD,DSPAMC - DSPN50ETF,0.0,,0.0,0.01,1,EQ,NSE,NSE,False,False,False,False
1908737,7456,MIDQ50ADD,DSPAMC - DSPQ50ETF,0.0,,0.0,0.01,1,EQ,NSE,NSE,False,False,False,False
1915393,7482,MANAKSTEEL-BE,MANAKSIA STEELS,0.0,,0.0,0.01,1,EQ,NSE,NSE,False,False,False,False
1921537,7506,WOCKPHARMA,WOCKHARDT,0.0,,0.0,0.1,1,EQ,NSE,NSE,False,False,True,False
1922049,7508,ZENTEC,ZEN TECHNOLOGIES,0.0,,0.0,0.1,1,EQ,NSE,NSE,False,False,False,False
1924609,7518,TREJHARA,TREJHARA SOLUTIONS,0.0,,0.0,0.01,1,EQ,NSE,NSE,False,False,False,False
1927425,7529,LCCINFOTEC,LCC INFOTECH,0.0,,0.0,0.01,1,EQ,NSE,NSE,False,False,False,False
1933569,7553,NRBBEARING,NRB BEARING,0.0,,0.0,0.05,1,EQ,NSE,NSE,False,False,False,False
1936385,7564,UNITEDPOLY-BE,UNITED POLYFAB GUJ.,0.0,,0.0,0.01,1,EQ,NSE,NSE,False,False,False,False
1946369,7603,CMSINFO,CMS INFO SYSTEMS,0.0,,0.0,0.05,1,EQ,NSE,NSE,False,False,False,False
1951489,7623,ALPSINDUS-BE,ALPS INDUSTRIES,0.0,,0.0,0.01,1,EQ,NSE,NSE,False,False,False,False
1954305,7634,SHREERAMA-BE,SHREE RAMA MULTI TECH,0.0,,0.0,0.01,1,EQ,NSE,NSE,False,False,False,False
1959425,7654,SGBDEC26-GB,2.50%GOLDBONDS2026SR-IV,0.0,,0.0,0.01,1,EQ,NSE,NSE,False,False,False,False
1964033,7672,IMAGICAA,IMAGICAAWORLD ENT,0.0,,0.0,0.01,1,EQ,NSE,NSE,False,False,False,False
1965825,7679,MONARCH,MONARCH NETWORTH CAP,0.0,,0.0,0.05,1,EQ,NSE,NSE,False,False,False,False
1986305,7759,ABAN-BE,ABAN OFFSHORE,0.0,,0.0,0.01,1,EQ,NSE,NSE,False,False,False,False
1992449,7783,BCONCEPTS-BE,BRAND CONCEPTS,0.0,,0.0,0.05,1,EQ,NSE,NSE,False,False,False,False
1994497,7791,UNIINFO,UNIINFO TELECOM SERVI,0.0,,0.0,0.01,1,EQ,NSE,NSE,False,False,False,False
2005761,7835,WEL,WONDER ELECTRICALS,0.0,,0.0,0.01,1,EQ,NSE,NSE,False,False,False,False
2006529,7838,NETF,TATAAML - NETF,0.0,,0.0,0.01,1,EQ,NSE,NSE,False,False,False,False
2007809,7843,654GS2032-GS,GOI LOAN  6.54% 2032,0.0,,0.0,0.01,1,EQ,NSE,NSE,False,False,False,False
2008065,7844,AUTOIETF,ICICIPRAMC - ICICIAUTO,0.0,,0.0,0.01,1,EQ,NSE,NSE,False,False,False,False
2009089,7848,BIL,BHARTIYA INTERNATIONAL,0.0,,0.0,0.05,1,EQ,NSE,NSE,False,False,False,False
2009857,7851,RAMCOSYS,RAMCO SYSTEMS,0.0,,0.0,0.05,1,EQ,NSE,NSE,False,False,False,False
2010113,7852,INOXWIND,INOX WIND,0.0,,0.0,0.01,1,EQ,NSE,NSE,False,False,True,False
2012673,7862,GVPIL,GE POWER INDIA,0.0,,0.0,0.05,1,EQ,NSE,NSE,False,False,False,False
2017025,7879,SGBJAN30IX-GB,2.50%GOLDBONDS2030SR-IX,0.0,,0.0,0.01,1,EQ,NSE,NSE,False,False,False,False
2017281,7880,AUTOBEES,NIPPONAMC - NETFAUTO,0.0,,0.0,0.01,1,EQ,NSE,NSE,False,False,False,False
2018817,7886,MHLXMIRU,MAHALAXMI RUBTECH,0.0,,0.0,0.01,1,EQ,NSE,NSE,False,False,False,False
2022913,7902,LFIC,LAKSHMI FIN IND CORP,0.0,,0.0,0.01,1,EQ,NSE,NSE,False,False,False,False
2027265,7919,BYKE,THE BYKE HOSPITALITY,0.0,,0.0,0.01,1,EQ,NSE,NSE,False,False,False,False
2029825,7929,ZYDUSLIFE,ZYDUS LIFESCIENCES,0.0,,0.0,0.05,1,EQ,NSE,NSE,False,False,False,False
2031361,7935,AGSTRA-BE,AGS TRANSACT TECH,0.0,,0.0,0.01,1,EQ,NSE,NSE,False,False,False,False
2031617,7936,AVANTIFEED,AVANTI FEEDS,0.0,,0.0,0.05,1,EQ,NSE,NSE,False,False,False,False
2033153,7942,SILVERIETF,ICICIPRAMC - ICICISILVE,0.0,,0.0,0.01,1,EQ,NSE,NSE,False,False,False,False
2039041,7965,MALLCOM,MALLCOM (INDIA),0.0,,0.0,0.1,1,EQ,NSE,NSE,False,False,False,False
2042625,7979,MAKEINDIA,MIRAEAMC - MAMFGETF,0.0,,0.0,0.01,1,EQ,NSE,NSE,False,False,False,False
2043393,7982,GRWRHITECH,GARWARE HI-TECH FILMS,0.0,,0.0,0.1,1,EQ,NSE,NSE,False,False,False,False
2048769,8003,SILVER,BIRLASLAMC - SILVER,0.0,,0.0,0.01,1,EQ,NSE,NSE,False,False,False,False
2054145,8024,CINEVISTA,CINEVISTA,0.0,,0.0,0.01,1,EQ,NSE,NSE,False,False,False,False
2054913,8027,726GS2029-GS,GOI LOAN 7.26% 2029,0.0,,0.0,0.01,1,EQ,NSE,NSE,False,False,False,False
2060801,8050,MAHLIFE,MAHINDRA LIFESPACE DEVLTD,0.0,,0.0,0.05,1,EQ,NSE,NSE,False,False,False,False
2061825,8054,KTKBANK,KARNATAKA BANK,0.0,,0.0,0.01,1,EQ,NSE,NSE,False,False,False,False
2067201,8075,DALBHARAT,DALMIA BHARAT,0.0,,0.0,0.1,1,EQ,NSE,NSE,False,False,False,False
2067713,8077,MIDCAP,KOTAKMAMC - KOTAKMID50,0.0,,0.0,0.01,1,EQ,NSE,NSE,False,False,False,False
2068481,8080,SILVERBEES,NIPPONAMC - NETFSILVER,0.0,,0.0,0.01,1,EQ,NSE,NSE,False,False,False,False
2069249,8083,CROWN,CROWN LIFTERS,0.0,,0.0,0.01,1,EQ,NSE,NSE,False,False,False,False
2076161,8110,AWL,AWL AGRI BUSINESS,0.0,,0.0,0.05,1,EQ,NSE,NSE,False,False,False,False
2078465,8119,RPSGVENT,RPSG VENTURES,0.0,,0.0,0.05,1,EQ,NSE,NSE,False,False,False,False
2079745,8124,AJANTPHARM,AJANTA PHARMA,0.0,,0.0,0.1,1,EQ,NSE,NSE,False,False,False,False
2081793,8132,BLBLIMITED,BLB,0.0,,0.0,0.01,1,EQ,NSE,NSE,False,False,False,False
2085377,8146,DEVIT,DEV INFO TECHNOLOGY,0.0,,0.0,0.01,1,EQ,NSE,NSE,False,False,False,False
2086401,8150,VISAKAIND-BE,VISAKA INDUSTRIES,0.0,,0.0,0.01,1,EQ,NSE,NSE,False,False,False,False
2087169,8153,MEGASTAR,MEGASTAR FOODS,0.0,,0.0,0.01,1,EQ,NSE,NSE,False,False,False,False
2088705,8159,FIBERWEB,FIBERWEB INDIA,0.0,,0.0,0.01,1,EQ,NSE,NSE,False,False,False,False
2089729,8163,SPENCERS,SPENCER S RETAIL,0.0,,0.0,0.01,1,EQ,NSE,NSE,False,False,False,False
2090753,8167,MANYAVAR,VEDANT FASHIONS,0.0,,0.0,0.05,1,EQ,NSE,NSE,False,False,False,False
2092801,8175,SAGARDEEP,SAGARDEEP ALLOYS,0.0,,0.0,0.01,1,EQ,NSE,NSE,False,False,False,False
2094593,8182,MOMOMENTUM,MOTILALAMC - MOMOMENTUM,0.0,,0.0,0.01,1,EQ,NSE,NSE,False,False,False,False
2116097,8266,SOFTTECH,SOFTTECH ENGINEERS,0.0,,0.0,0.05,1,EQ,NSE,NSE,False,False,False,False
2125825,8304,PRITI,PRITI INTERNATIONAL,0.0,,0.0,0.01,1,EQ,NSE,NSE,False,False,False,False
2126849,8308,SGBJAN27-GB,2.50%GOLDBONDS2027SR-V,0.0,,0.0,0.01,1,EQ,NSE,NSE,False,False,False,False
2127617,8311,BLUESTARCO,BLUE STAR,0.0,,0.0,0.1,1,EQ,NSE,NSE,False,False,False,False
2135553,8342,GSEC5IETF,ICICIPRAMC - ICICI5GSEC,0.0,,0.0,0.01,1,EQ,NSE,NSE,False,False,False,False
2150401,8400,CALSOFT-BE,CALIFORNIA SOFTWARE CO LT,0.0,,0.0,0.01,1,EQ,NSE,NSE,False,False,False,False
2150657,8401,SGBMAR30X-GB,2.50%GOLDBONDS2030SR-X,0.0,,0.0,0.01,1,EQ,NSE,NSE,False,False,False,False
2153729,8413,MIDCAPETF,MIRAEAMC - MAM150ETF,0.0,,0.0,0.01,1,EQ,NSE,NSE,False,False,False,False
2154753,8417,HAVISHA-BE,SRI HAVISHA HOSP & INFR L,0.0,,0.0,0.01,1,EQ,NSE,NSE,False,False,False,False
2156545,8424,VIPULLTD,VIPUL,0.0,,0.0,0.01,1,EQ,NSE,NSE,False,False,False,False
2157057,8426,RSSOFTWARE-BE,R. S. SOFTWARE (INDIA) LI,0.0,,0.0,0.01,1,EQ,NSE,NSE,False,False,False,False
2157569,8428,RAJRILTD-BE,RAJ RAYON INDUSTRIES,0.0,,0.0,0.01,1,EQ,NSE,NSE,False,False,False,False
2161665,8444,JAYBARMARU-BE,JAYBHARATMARU-,0.0,,0.0,0.01,1,EQ,NSE,NSE,False,False,False,False
2168065,8469,MITCON,MITCON CON & ENG SER,0.0,,0.0,0.01,1,EQ,NSE,NSE,False,False,False,False
2170113,8477,XELPMOC,XELPMOC DESIGN & TECH,0.0,,0.0,0.01,1,EQ,NSE,NSE,False,False,False,False
2170625,8479,TVSMOTOR,TVS MOTOR COMPANY ,0.0,,0.0,0.1,1,EQ,NSE,NSE,False,False,False,False
2177537,8506,MID150BEES,NIP IND ETF MIDCAP 150,0.0,,0.0,0.01,1,EQ,NSE,NSE,False,False,False,False
2178561,8510,GATEWAY,GATEWAY DISTRIPARKS,0.0,,0.0,0.01,1,EQ,NSE,NSE,False,False,False,False
2183425,8529,GMRP&UI,GMR POW AND URBAN INFRA L,0.0,,0.0,0.01,1,EQ,NSE,NSE,False,False,False,False
2187777,8546,CHALET,CHALET HOTELS,0.0,,0.0,0.1,1,EQ,NSE,NSE,False,False,False,False
2189313,8552,BLUECOAST-BE,BLUE COAST HOTELS,0.0,,0.0,0.01,1,EQ,NSE,NSE,False,False,False,False
2193409,8568,HITECHGEAR-BE,THE HI-TECH GEARS,0.0,,0.0,0.05,1,EQ,NSE,NSE,False,False,False,False
2197761,8585,NLCINDIA,NLC INDIA,0.0,,0.0,0.01,1,EQ,NSE,NSE,False,False,False,False
2199297,8591,AKSHOPTFBR,AKSH OPTIFIBRE,0.0,,0.0,0.01,1,EQ,NSE,NSE,False,False,False,False
2200577,8596,MSUMI,MOTHERSON SUMI WRNG IND L,0.0,,0.0,0.01,1,EQ,NSE,NSE,False,False,False,False
2207489,8623,INDOBORAX-BE,INDO BORAX & CHEMICAL,0.0,,0.0,0.01,1,EQ,NSE,NSE,False,False,False,False
2209793,8632,LOWVOL1,KOTAKMAMC - KOTAKLOVOL,0.0,,0.0,0.01,1,EQ,NSE,NSE,False,False,False,False
2214401,8650,BLUECHIP-BE,BLUE CHIP INDIA,0.0,,0.0,0.01,1,EQ,NSE,NSE,False,False,False,False
2214913,8652,VETO,VETO SWITCHGEAR CABLE,0.0,,0.0,0.01,1,EQ,NSE,NSE,False,False,False,False
2215425,8654,MOLOWVOL,MOTILALAMC - MOLOWVOL,0.0,,0.0,0.01,1,EQ,NSE,NSE,False,False,False,False
2216193,8657,DIL,DEBOCK INDUSTRIES,0.0,,0.0,0.01,1,EQ,NSE,NSE,False,False,False,False
2223873,8687,MUKTAARTS,MUKTA ARTS,0.0,,0.0,0.01,1,EQ,NSE,NSE,False,False,False,False
2226177,8696,VRLLOG,VRL LOGISTICS,0.0,,0.0,0.05,1,EQ,NSE,NSE,False,False,False,False
2228737,8706,INDSWFTLAB-BE,IND SWIFT LABORATORIES LT,0.0,,0.0,0.01,1,EQ,NSE,NSE,False,False,False,False
2234113,8727,SHAILY,SHAILY ENG PLASTICS,0.0,,0.0,0.1,1,EQ,NSE,NSE,False,False,False,False
2236417,8736,PNBGILTS,PNB GILTS,0.0,,0.0,0.01,1,EQ,NSE,NSE,False,False,False,False
2244097,8766,SGBFEB27-GB,2.50%GOLDBONDS2027SR-VI,0.0,,0.0,0.01,1,EQ,NSE,NSE,False,False,False,False
2252033,8797,OBCL,ORISSA BENGAL CARRIER,0.0,,0.0,0.01,1,EQ,NSE,NSE,False,False,False,False
2254337,8806,SONAMLTD,SONAM,0.0,,0.0,0.01,1,EQ,NSE,NSE,False,False,False,False
2259201,8825,PRIVISCL,PRIVI SPECIALITY CHE,0.0,,0.0,0.1,1,EQ,NSE,NSE,False,False,False,False
2259713,8827,AVROIND,AVRO INDIA,0.0,,0.0,0.01,1,EQ,NSE,NSE,False,False,False,False
2259969,8828,GAEL,GUJARAT AMBUJA EXPORTS LT,0.0,,0.0,0.01,1,EQ,NSE,NSE,False,False,False,False
2261249,8833,BCG,BRIGHTCOM GROUP,0.0,,0.0,0.01,1,EQ,NSE,NSE,False,False,False,False
2263041,8840,USHAMART,USHA MARTIN,0.0,,0.0,0.05,1,EQ,NSE,NSE,False,False,False,False
2264321,8845,UMAEXPORTS-BE,UMA EXPORTS,0.0,,0.0,0.01,1,EQ,NSE,NSE,False,False,False,False
2269697,8866,CHOICEIN,CHOICE INTERNATIONAL,0.0,,0.0,0.05,1,EQ,NSE,NSE,False,False,False,False
2273793,8882,TNIDETF,TATAAML - TNIDETF,0.0,,0.0,0.01,1,EQ,NSE,NSE,False,False,False,False
2275841,8890,VERANDA,VERANDA LEARNING SOL,0.0,,0.0,0.01,1,EQ,NSE,NSE,False,False,False,False
2276609,8893,UNITECH-BZ,UNITECH,0.0,,0.0,0.01,1,EQ,NSE,NSE,False,False,False,False
2287873,8937,E2E,E2E NETWORKS,0.0,,0.0,0.1,1,EQ,NSE,NSE,False,False,False,False
2289665,8944,RITCO,RITCO LOGISTICS,0.0,,0.0,0.05,1,EQ,NSE,NSE,False,False,False,False
2291969,8953,ELDEHSG,ELDECO HSG & IND,0.0,,0.0,0.05,1,EQ,NSE,NSE,False,False,False,False
2292225,8954,TTML,TATA TELESERV(MAHARASTRA),0.0,,0.0,0.01,1,EQ,NSE,NSE,False,False,False,False
2294273,8962,HARDWYN,HARDWYN INDIA,0.0,,0.0,0.01,1,EQ,NSE,NSE,False,False,False,False
2295809,8968,HARIOMPIPE,HARIOM PIPE INDUSTRIES L,0.0,,0.0,0.05,1,EQ,NSE,NSE,False,False,False,False
2303489,8998,UMIYA-MRO,UMIYA BUILDCON,0.0,,0.0,0.01,1,EQ,NSE,NSE,False,False,False,False
2307585,9014,ANUP,THE ANUP ENGINEERING,0.0,,0.0,0.1,1,EQ,NSE,NSE,False,False,False,False
2310913,9027,VCL-BE,VAXTEX COTFAB,0.0,,0.0,0.01,1,EQ,NSE,NSE,False,False,False,False
2313985,9039,UFO,UFO MOVIEZ INDIA,0.0,,0.0,0.01,1,EQ,NSE,NSE,False,False,False,False
2316033,9047,710GS2029-GS,GOI LOAN 7.10% 2029,0.0,,0.0,0.01,1,EQ,NSE,NSE,False,False,False,False
2316545,9049,ROTO,ROTO PUMPS,0.0,,0.0,0.01,1,EQ,NSE,NSE,False,False,False,False
2326273,9087,PIXTRANS,PIX TRANSMISSIONS,0.0,,0.0,0.1,1,EQ,NSE,NSE,False,False,False,False
2330625,9104,SOMATEX-BE,SOMA TEXTILEI NDUSTRIES L,0.0,,0.0,0.01,1,EQ,NSE,NSE,False,False,False,False
2330881,9105,AGROPHOS-BE,AGRO PHOS INDIA,0.0,,0.0,0.01,1,EQ,NSE,NSE,False,False,False,False
2332417,9111,ARVINDFASN,ARVIND FASHIONS,0.0,,0.0,0.05,1,EQ,NSE,NSE,False,False,False,False
2333697,9116,INDOAMIN,INDO AMINES,0.0,,0.0,0.01,1,EQ,NSE,NSE,False,False,False,False
2333953,9117,TIPSMUSIC,TIPS MUSIC,0.0,,0.0,0.05,1,EQ,NSE,NSE,False,False,False,False
2344449,9158,BALAJITELE,BALAJI TELEFILMS,0.0,,0.0,0.01,1,EQ,NSE,NSE,False,False,False,False
2347009,9168,UTISXN50,UTIAMC - UTISXN50,0.0,,0.0,0.01,1,EQ,NSE,NSE,False,False,False,False
2360065,9219,TPLPLASTEH,TPL PLASTECH,0.0,,0.0,0.01,1,EQ,NSE,NSE,False,False,False,False
2368769,9253,NILAINFRA,NILA INFRASTRUCTURES,0.0,,0.0,0.01,1,EQ,NSE,NSE,False,False,False,False
2370561,9260,ARROWGREEN,ARROW GREENTECH,0.0,,0.0,0.05,1,EQ,NSE,NSE,False,False,False,False
2377729,9288,KRITIKA,KRITIKA WIRES,0.0,,0.0,0.01,1,EQ,NSE,NSE,False,False,False,False
2379265,9294,GINNIFILA-BE,GINNIFILAMENTS,0.0,,0.0,0.01,1,EQ,NSE,NSE,False,False,False,False
2382081,9305,STARTECK,STARTECK FINANCE,0.0,,0.0,0.05,1,EQ,NSE,NSE,False,False,False,False
2383105,9309,STLTECH,STERLITE TECHNOLOGIES,0.0,,0.0,0.01,1,EQ,NSE,NSE,False,False,False,False
2392577,9346,PNC-BE,PRITISH NANDY COMMUNICATI,0.0,,0.0,0.01,1,EQ,NSE,NSE,False,False,False,False
2393089,9348,IOB,INDIAN OVERSEAS BANK,0.0,,0.0,0.01,1,EQ,NSE,NSE,False,False,False,False
2394625,9354,TAJGVK,TAJ GVK HOTELS & RESORTS,0.0,,0.0,0.05,1,EQ,NSE,NSE,False,False,False,False
2395137,9356,MSTCLTD,MSTC,0.0,,0.0,0.05,1,EQ,NSE,NSE,False,False,False,False
2396673,9362,CAMPUS,CAMPUS ACTIVEWEAR,0.0,,0.0,0.05,1,EQ,NSE,NSE,False,False,False,False
2400257,9376,QUINTEGRA-BE,QUINTEGRA SOLUTIONS,0.0,,0.0,0.01,1,EQ,NSE,NSE,False,False,False,False
2400769,9378,TRU,TRUCAP FINANCE,0.0,,0.0,0.01,1,EQ,NSE,NSE,False,False,False,False
2401281,9380,IL&FSENGG-BZ,IL&FS ENG AND CONS CO,0.0,,0.0,0.01,1,EQ,NSE,NSE,False,False,False,False
2401537,9381,IL&FSTRANS-BZ,IL&FS TRANS NET,0.0,,0.0,0.01,1,EQ,NSE,NSE,False,False,False,False
2402049,9383,EMBASSY-RR,EMBASSY OFFICE PARKS REIT,0.0,,0.0,0.01,1,EQ,NSE,NSE,False,False,False,False
2402305,9384,CREATIVEYE,CREATIVE EYE,0.0,,0.0,0.01,1,EQ,NSE,NSE,False,False,False,False
2402561,9385,PNCINFRA,PNC INFRATECH,0.0,,0.0,0.05,1,EQ,NSE,NSE,False,False,False,False
2408449,9408,RAINBOW,RAINBOW CHILDRENS MED,0.0,,0.0,0.1,1,EQ,NSE,NSE,False,False,False,False
2412033,9422,SILVERTUC,SILVER TOUCH TECHNO,0.0,,0.0,0.05,1,EQ,NSE,NSE,False,False,False,False
2413569,9428,SKIPPER,SKIPPER,0.0,,0.0,0.05,1,EQ,NSE,NSE,False,False,False,False
2414337,9431,NORBTEAEXP-BE,NORBEN TEA &EXPORTS,0.0,,0.0,0.01,1,EQ,NSE,NSE,False,False,False,False
2415617,9436,AXISCADES,AXISCADES TECH,0.0,,0.0,0.1,1,EQ,NSE,NSE,False,False,False,False
2426881,9480,LICI,LIFE INSURA CORP OF INDIA,0.0,,0.0,0.05,1,EQ,NSE,NSE,False,False,False,False
2441473,9537,727GS2026-GS,GOI LOAN 7.27% 2026,0.0,,0.0,0.01,1,EQ,NSE,NSE,False,False,False,False
2441729,9538,762GS2039-GS,GOI LOAN 7.62% 2039,0.0,,0.0,0.01,1,EQ,NSE,NSE,False,False,False,False
2441985,9539,SAKAR,SAKAR HEALTHCARE,0.0,,0.0,0.05,1,EQ,NSE,NSE,False,False,False,False
2445313,9552,RVNL,RAIL VIKAS NIGAM,0.0,,0.0,0.05,1,EQ,NSE,NSE,False,False,False,False
2445569,9553,PRUDENT,PRUDENT CORP ADV SER,0.0,,0.0,0.1,1,EQ,NSE,NSE,False,False,False,False
2446849,9558,AKSHAR,AKSHAR SPINTEX,0.0,,0.0,0.01,1,EQ,NSE,NSE,False,False,False,False
2451457,9576,MAHESHWARI,MAHESHWARI LOGISTICS,0.0,,0.0,0.01,1,EQ,NSE,NSE,False,False,False,False
2452737,9581,METROPOLIS,METROPOLIS HEALTHCARE,0.0,,0.0,0.1,1,EQ,NSE,NSE,False,False,False,False
2453761,9585,754GS2036-GS,GOI LOAN  7.54% 2036,0.0,,0.0,0.01,1,EQ,NSE,NSE,False,False,False,False
2455041,9590,POLYCAB,POLYCAB INDIA,0.0,,0.0,0.5,1,EQ,NSE,NSE,False,False,False,False
2455553,9592,VENUSPIPES,VENUS PIPES & TUBES,0.0,,0.0,0.1,1,EQ,NSE,NSE,False,False,False,False
2457345,9599,DELHIVERY,DELHIVERY,0.0,,0.0,0.05,1,EQ,NSE,NSE,False,False,True,False
2458625,9604,772GS2049-GS,GOI LOAN 7.72% 2049,0.0,,0.0,0.01,1,EQ,NSE,NSE,False,False,False,False
2461953,9617,SPLPETRO,SUPREME PETROCHEM,0.0,,0.0,0.05,1,EQ,NSE,NSE,False,False,False,False
2468097,9641,KHANDSE,KHANDWALA SECURITIES,0.0,,0.0,0.01,1,EQ,NSE,NSE,False,False,False,False
2470913,9652,RELCHEMQ,RELIANCE CHEMOTEX IND,0.0,,0.0,0.01,1,EQ,NSE,NSE,False,False,False,False
2474753,9667,MEDICO,MEDICO REMEDIES,0.0,,0.0,0.01,1,EQ,NSE,NSE,False,False,False,False
2475009,9668,HIKAL,HIKAL,0.0,,0.0,0.05,1,EQ,NSE,NSE,False,False,False,False
2477569,9678,SOUTHWEST,SOUTH WEST PINNACLE,0.0,,0.0,0.01,1,EQ,NSE,NSE,False,False,False,False
2478849,9683,KPITTECH,KPIT TECHNOLOGIES,0.0,,0.0,0.1,1,EQ,NSE,NSE,False,False,True,False
2479361,9685,TRIDENT,TRIDENT,0.0,,0.0,0.01,1,EQ,NSE,NSE,False,False,False,False
2493697,9741,PARADEEP,PARADEEP PHOSPHATES,0.0,,0.0,0.01,1,EQ,NSE,NSE,False,False,False,False
2496001,9750,ETHOSLTD,ETHOS,0.0,,0.0,0.1,1,EQ,NSE,NSE,False,False,False,False
2497537,9756,EMUDHRA,EMUDHRA,0.0,,0.0,0.05,1,EQ,NSE,NSE,False,False,False,False
2500865,9769,EASTSILK-BE,EASTERN SILK INDUSTRIES L,0.0,,0.0,0.01,1,EQ,NSE,NSE,False,False,False,False
2511361,9810,AETHER,AETHER INDUSTRIES,0.0,,0.0,0.05,1,EQ,NSE,NSE,False,False,False,False
2513665,9819,HAVELLS,HAVELLS INDIA,0.0,,0.0,0.1,1,EQ,NSE,NSE,False,False,False,True
2520833,9847,NV20BEES,NIP IND ETF ETF NV20,0.0,,0.0,0.01,1,EQ,NSE,NSE,False,False,False,False
2524673,9862,WEWIN,WE WIN,0.0,,0.0,0.01,1,EQ,NSE,NSE,False,False,False,False
2525953,9867,NEXTMEDIA,NEXT MEDIAWORKS,0.0,,0.0,0.01,1,EQ,NSE,NSE,False,False,False,False
2527745,9874,GOLDTECH,AION-TECH SOLUTIONS,0.0,,0.0,0.01,1,EQ,NSE,NSE,False,False,False,False
2529025,9879,CHEVIOT,CHEVIOT COMPANY,0.0,,0.0,0.1,1,EQ,NSE,NSE,False,False,False,False
2529537,9881,CUBEXTUB-BE,CUBEXTUBINGS-ROLLSETT,0.0,,0.0,0.01,1,EQ,NSE,NSE,False,False,False,False
2530305,9884,TNTELE-BE,TAMILNADU TELECOMMUNICATI,0.0,,0.0,0.01,1,EQ,NSE,NSE,False,False,False,False
2531329,9888,769GS2043-GS,GOI LOAN 7.69% 2043,0.0,,0.0,0.01,1,EQ,NSE,NSE,False,False,False,False
2531585,9889,SMARTLINK,SMARTLINK HOLDINGS,0.0,,0.0,0.01,1,EQ,NSE,NSE,False,False,False,False
2533633,9897,AIRAN,AIRAN,0.0,,0.0,0.01,1,EQ,NSE,NSE,False,False,False,False
2534913,9902,AXITA,AXITA COTTON,0.0,,0.0,0.01,1,EQ,NSE,NSE,False,False,False,False
2536193,9907,763GS2059-GS,GOI LOAN 7.63% 2059,0.0,,0.0,0.01,1,EQ,NSE,NSE,False,False,False,False
2537729,9913,738GS2027-GS,GOI LOAN 7.38% 2027,0.0,,0.0,0.01,1,EQ,NSE,NSE,False,False,False,False
2538753,9917,NEOGEN,NEOGEN CHEMICALS,0.0,,0.0,0.1,1,EQ,NSE,NSE,False,False,False,False
2539777,9921,ALANKIT,ALANKIT,0.0,,0.0,0.01,1,EQ,NSE,NSE,False,False,False,False
2542337,9931,VIKASLIFE,VIKAS LIFECARE,0.0,,0.0,0.01,1,EQ,NSE,NSE,False,False,False,False
2544385,9939,ONEPOINT,ONE POINT ONE SOL,0.0,,0.0,0.01,1,EQ,NSE,NSE,False,False,False,False
2571777,10046,757GS2033-GS,GOI LOAN 7.57% 2033,0.0,,0.0,0.01,1,EQ,NSE,NSE,False,False,False,False
2574337,10056,SKMEGGPROD-BE,SKM EGG PROD-ROLL SETT,0.0,,0.0,0.05,1,EQ,NSE,NSE,False,False,False,False
2578945,10074,EMAMIPAP,EMAMI PAPER MILLS,0.0,,0.0,0.01,1,EQ,NSE,NSE,False,False,False,False
2585345,10099,GODREJCP,GODREJ CONSUMER PRODUCTS,0.0,,0.0,0.1,1,EQ,NSE,NSE,False,False,False,False
2600705,10159,ORICONENT,ORICON ENTERPRISES,0.0,,0.0,0.01,1,EQ,NSE,NSE,False,False,False,False
2605057,10176,SETFNIF50,SBI-ETF NIFTY 50,0.0,,0.0,0.01,1,EQ,NSE,NSE,False,False,False,False
2606337,10181,BALKRISHNA,BALKRISHNA PAPER MILLS L,0.0,,0.0,0.01,1,EQ,NSE,NSE,False,False,False,False
2608129,10188,SHYAMCENT,SHYAM CENTURY FERROUS,0.0,,0.0,0.01,1,EQ,NSE,NSE,False,False,False,False
2615553,10217,ADANIENSOL,ADANI ENERGY SOLUTION,0.0,,0.0,0.05,1,EQ,NSE,NSE,False,False,False,False
2618113,10227,MANORAMA,MANORAMA INDUSTRIES,0.0,,0.0,0.1,1,EQ,NSE,NSE,False,False,False,False
2619393,10232,SGBJUN30-GB,2.50%GOLDBONDS2030SR-I,0.0,,0.0,0.01,1,EQ,NSE,NSE,False,False,False,False
2620929,10238,CONFIPET,CONFIDENCE PETRO IND,0.0,,0.0,0.01,1,EQ,NSE,NSE,False,False,False,False
2622209,10243,SYNGENE,SYNGENE INTERNATIONAL,0.0,,0.0,0.05,1,EQ,NSE,NSE,False,False,True,False
2626817,10261,SGBJUN27-GB,2.50%GOLDBONDS2027SR-I,0.0,,0.0,0.01,1,EQ,NSE,NSE,False,False,False,False
2630913,10277,NGLFINE,NGL FINE CHEM,0.0,,0.0,0.1,1,EQ,NSE,NSE,False,False,False,False
2632193,10282,KAYA-BE,KAYA,0.0,,0.0,0.05,1,EQ,NSE,NSE,False,False,False,False
2632961,10285,AYMSYNTEX,AYM SYNTEX,0.0,,0.0,0.01,1,EQ,NSE,NSE,False,False,False,False
2636033,10297,PPL,PRAKASH PIPES,0.0,,0.0,0.05,1,EQ,NSE,NSE,False,False,False,False
2636801,10300,RAMASTEEL,RAMA STEEL TUBES,0.0,,0.0,0.01,1,EQ,NSE,NSE,False,False,False,False
2639361,10310,AURUM,AURUM PROPTECH,0.0,,0.0,0.01,1,EQ,NSE,NSE,False,False,False,False
2641409,10318,PKTEA-BE,THE P K TEA PROD CO,0.0,,0.0,0.05,1,EQ,NSE,NSE,False,False,False,False
2647809,10343,RADHIKAJWE,RADHIKA JEWELTECH,0.0,,0.0,0.01,1,EQ,NSE,NSE,False,False,False,False
2649601,10350,CSLFINANCE,CSL FINANCE,0.0,,0.0,0.05,1,EQ,NSE,NSE,False,False,False,False
2651649,10358,DGCONTENT-BE,DIGICONTENT,0.0,,0.0,0.01,1,EQ,NSE,NSE,False,False,False,False
2653697,10366,UNIVAFOODS-BE,UNIVA FOODS,0.0,,0.0,0.01,1,EQ,NSE,NSE,False,False,False,False
2661633,10397,JISLJALEQS,JAIN IRRIGATION SYSTEMS,0.0,,0.0,0.01,1,EQ,NSE,NSE,False,False,False,False
2663937,10406,STEELCITY,STEEL CITY SECURITIES,0.0,,0.0,0.01,1,EQ,NSE,NSE,False,False,False,False
2664193,10407,KSHITIJPOL,KSHITIJ POLYLINE,0.0,,0.0,0.01,1,EQ,NSE,NSE,False,False,False,False
2666241,10415,MUTHOOTCAP,MUTHOOT CAP SERV,0.0,,0.0,0.05,1,EQ,NSE,NSE,False,False,False,False
2666753,10417,DYCL,DYNAMIC CABLES,0.0,,0.0,0.05,1,EQ,NSE,NSE,False,False,False,False
2672641,10440,LUPIN,LUPIN,0.0,,0.0,0.1,1,EQ,NSE,NSE,False,False,False,True
2674433,10447,UNITDSPR,UNITED SPIRITS,0.0,,0.0,0.1,1,EQ,NSE,NSE,False,False,False,True
2675969,10453,SATIN,SATIN CREDIT NET,0.0,,0.0,0.01,1,EQ,NSE,NSE,False,False,False,False
2676993,10457,ARVSMART,ARVIND SMARTSPACES,0.0,,0.0,0.05,1,EQ,NSE,NSE,False,False,False,False
2681089,10473,POWERMECH,POWER MECH PROJECTS,0.0,,0.0,0.1,1,EQ,NSE,NSE,False,False,False,False
2684161,10485,RAMRAT,RAM RATNA WIRES,0.0,,0.0,0.05,1,EQ,NSE,NSE,False,False,False,False
2690049,10508,MOHEALTH,MOTILALAMC - MOHEALTH,0.0,,0.0,0.01,1,EQ,NSE,NSE,False,False,False,False
2690817,10511,UTINIFTETF,UTIAMC - UTINIFTETF,0.0,,0.0,0.01,1,EQ,NSE,NSE,False,False,False,False
2691073,10512,CONS,KOTAKMAMC - KOTAKCONS,0.0,,0.0,0.01,1,EQ,NSE,NSE,False,False,False,False
2691841,10515,UTISENSETF,UTIAMC - UTISENSETF,0.0,,0.0,0.01,1,EQ,NSE,NSE,False,False,False,False
2695681,10530,SHARDAMOTR,SHARDA MOTOR INDS,0.0,,0.0,0.1,1,EQ,NSE,NSE,False,False,False,False
2702593,10557,NAVKARCORP,NAVKAR CORPORATION,0.0,,0.0,0.01,1,EQ,NSE,NSE,False,False,False,False
2706177,10571,RAMAPHO-BE,RAMA PHOSPHATES,0.0,,0.0,0.01,1,EQ,NSE,NSE,False,False,False,False
2707457,10576,NIFTYBEES,NIP IND ETF NIFTY BEES,0.0,,0.0,0.01,1,EQ,NSE,NSE,False,False,False,False
2707713,10577,KRBL,KRBL,0.0,,0.0,0.05,1,EQ,NSE,NSE,False,False,False,False
2707969,10578,MPSLTD,MPS,0.0,,0.0,0.1,1,EQ,NSE,NSE,False,False,False,False
2708225,10579,MARKSANS,MARKSANS PHARMA,0.0,,0.0,0.01,1,EQ,NSE,NSE,False,False,False,False
2708481,10580,TCI,TRANSPORT CORPN OF INDIA,0.0,,0.0,0.1,1,EQ,NSE,NSE,False,False,False,False
2709761,10585,MOM30IETF,ICICIPRAMC - ICICIMOM30,0.0,,0.0,0.01,1,EQ,NSE,NSE,False,False,False,False
2710529,10588,SHREEPUSHK,SHRE PUSH CHEM & FERT,0.0,,0.0,0.05,1,EQ,NSE,NSE,False,False,False,False
2713345,10599,GUJGASLTD,GUJARAT GAS,0.0,,0.0,0.05,1,EQ,NSE,NSE,False,False,False,False
2714625,10604,BHARTIARTL,BHARTI AIRTEL,0.0,,0.0,0.1,1,EQ,NSE,NSE,True,False,False,False
2714881,10605,LOYALTEX-BE,LOYAL TEXTILE MILLS,0.0,,0.0,0.05,1,EQ,NSE,NSE,False,False,False,False
2718465,10619,HDFCNEXT50,HDFCAMC - HDFCNEXT50,0.0,,0.0,0.01,1,EQ,NSE,NSE,False,False,False,False
2719233,10622,SADBHIN-BE,SADBHAV INFRA PROJ,0.0,,0.0,0.01,1,EQ,NSE,NSE,False,False,False,False
2722049,10633,HDFCNIF100,HDFCAMC - HDFCNIF100,0.0,,0.0,0.01,1,EQ,NSE,NSE,False,False,False,False
2722305,10634,ASAL,AUTOMOTIVE STAMPINGS & AS,0.0,,0.0,0.05,1,EQ,NSE,NSE,False,False,False,False
2723073,10637,OLECTRA,OLECTRA GREENTECH,0.0,,0.0,0.1,1,EQ,NSE,NSE,False,False,False,False
2729217,10661,PONNIERODE,PONNIE SUGARS (ERODE),0.0,,0.0,0.05,1,EQ,NSE,NSE,False,False,False,False
2730497,10666,PNB,PUNJAB NATIONAL BANK,0.0,,0.0,0.01,1,EQ,NSE,NSE,False,True,False,False
2733057,10676,MNC,KOTAKMAMC - KOTAKMNC,0.0,,0.0,0.01,1,EQ,NSE,NSE,False,False,False,False
2736641,10690,NIFTYQLITY,BIRLASLAMC - NIFTYQLITY,0.0,,0.0,0.01,1,EQ,NSE,NSE,False,False,False,False
2737409,10693,MOMENTUM,BIRLASLAMC - MOMENTUM,0.0,,0.0,0.01,1,EQ,NSE,NSE,False,False,False,False
2739201,10700,SURANAT&P,SURANA TELECOM AND POW LT,0.0,,0.0,0.01,1,EQ,NSE,NSE,False,False,False,False
2744833,10722,726GS2032-GS,GOI LOAN  7.26% 2032,0.0,,0.0,0.01,1,EQ,NSE,NSE,False,False,False,False
2745089,10723,INFRAIETF,ICICIPRAMC - ICICIINFRA,0.0,,0.0,0.01,1,EQ,NSE,NSE,False,False,False,False
2745857,10726,INDIAMART,INDIAMART INTERMESH,0.0,,0.0,0.1,1,EQ,NSE,NSE,False,False,False,False
2747649,10733,SPORTKING,SPORTKING INDIA,0.0,,0.0,0.01,1,EQ,NSE,NSE,False,False,False,False
2748929,10738,OFSS,ORACLE FIN SERV SOFT,0.0,,0.0,0.5,1,EQ,NSE,NSE,False,False,False,False
2752769,10753,UNIONBANK,UNION BANK OF INDIA,0.0,,0.0,0.01,1,EQ,NSE,NSE,False,True,False,False
2753281,10755,APTECHT,APTECH,0.0,,0.0,0.01,1,EQ,NSE,NSE,False,False,False,False
2754817,10761,SILVERADD,DSPAMC - DSPSILVETF,0.0,,0.0,0.01,1,EQ,NSE,NSE,False,False,False,False
2756609,10768,OAL,ORIENTAL AROMATICS,0.0,,0.0,0.05,1,EQ,NSE,NSE,False,False,False,False
2762497,10791,NUCLEUS,NUCLEUS SOFTWARE EXPORTS,0.0,,0.0,0.1,1,EQ,NSE,NSE,False,False,False,False
2763009,10793,SYRMA,SYRMA SGS TECHNOLOGY,0.0,,0.0,0.05,1,EQ,NSE,NSE,False,False,False,False
2763265,10794,CANBK,CANARA BANK,0.0,,0.0,0.01,1,EQ,NSE,NSE,False,True,False,False
2770433,10822,MOQUALITY,MOTILALAMC - MOQUALITY,0.0,,0.0,0.01,1,EQ,NSE,NSE,False,False,False,False
2771201,10825,MOVALUE,MOTILALAMC - MOVALUE,0.0,,0.0,0.01,1,EQ,NSE,NSE,False,False,False,False
2774017,10836,SEYAIND-BE,SEYA INDUSTRIES,0.0,,0.0,0.01,1,EQ,NSE,NSE,False,False,False,False
2780673,10862,DREAMFOLKS-BE,DREAMFOLKS SERVICES,0.0,,0.0,0.01,1,EQ,NSE,NSE,False,False,False,False
2781441,10865,GVPTECH,GVP INFOTECH,0.0,,0.0,0.01,1,EQ,NSE,NSE,False,False,False,False
2782977,10871,GRMOVER,GRM OVERSEAS,0.0,,0.0,0.05,1,EQ,NSE,NSE,False,False,False,False
2784257,10876,HDFCSILVER,HDFCAMC - HDFCSILVER,0.0,,0.0,0.01,1,EQ,NSE,NSE,False,False,False,False
2788609,10893,DBOL,DHAMPUR BIO ORGANICS,0.0,,0.0,0.01,1,EQ,NSE,NSE,False,False,False,False
2791681,10905,GENESYS,GENESYS INTL CORPN,0.0,,0.0,0.05,1,EQ,NSE,NSE,False,False,False,False
2796801,10925,GODREJIND,GODREJ INDUSTRIES,0.0,,0.0,0.1,1,EQ,NSE,NSE,False,False,False,False
2798337,10931,736GS2052-GS,GOI LOAN  7.36% 2052,0.0,,0.0,0.01,1,EQ,NSE,NSE,False,False,False,False
2798593,10932,RADAAN,RADAAN MEDIAWORKS (I),0.0,,0.0,0.01,1,EQ,NSE,NSE,False,False,False,False
2800385,10939,JUNIORBEES,NIP IND ETF JUNIOR BEES,0.0,,0.0,0.01,1,EQ,NSE,NSE,False,False,False,False
2800641,10940,DIVISLAB,DIVI S LABORATORIES,0.0,,0.0,0.5,1,EQ,NSE,NSE,False,False,False,False
2801921,10945,TMB,TAMILNAD MERCA BANK,0.0,,0.0,0.05,1,EQ,NSE,NSE,False,False,False,False
2802689,10948,STCINDIA,THE STATE TRADING CORPN,0.0,,0.0,0.01,1,EQ,NSE,NSE,False,False,False,False
2811137,10981,74GS2062-GS,GOI LOAN  7.4% 2062,0.0,,0.0,0.01,1,EQ,NSE,NSE,False,False,False,False
2813441,10990,RADICO,RADICO KHAITAN,0.0,,0.0,0.1,1,EQ,NSE,NSE,False,False,False,False
2814209,10993,INDORAMA,INDO RAMA SYNTHETICS,0.0,,0.0,0.01,1,EQ,NSE,NSE,False,False,False,False
2815745,10999,MARUTI,MARUTI SUZUKI INDIA,0.0,,0.0,1.0,1,EQ,NSE,NSE,True,False,False,False
2817537,11006,LIQUIDBEES,NIP IND ETF LIQUID BEES,0.0,,0.0,0.01,1,EQ,NSE,NSE,False,False,False,False
2822913,11027,INFOBEAN,INFOBEANS TECHNO.,0.0,,0.0,0.05,1,EQ,NSE,NSE,False,False,False,False
2824193,11032,SANGINITA,SANGINITA CHEMICALS,0.0,,0.0,0.01,1,EQ,NSE,NSE,False,False,False,False
2825473,11037,BANKIETF,ICICIPRAMC - IPRU5008,0.0,,0.0,0.01,1,EQ,NSE,NSE,False,False,False,False
2825985,11039,DCMNVL,DCM NOUVELLE,0.0,,0.0,0.01,1,EQ,NSE,NSE,False,False,False,False
2827521,11045,SATIA,SATIA INDUSTRIES,0.0,,0.0,0.01,1,EQ,NSE,NSE,False,False,False,False
2828801,11050,SIRCA,SIRCA PAINT INDIA,0.0,,0.0,0.05,1,EQ,NSE,NSE,False,False,False,False
2830849,11058,SECURKLOUD,SECUREKLOUD TECH,0.0,,0.0,0.01,1,EQ,NSE,NSE,False,False,False,False
2831361,11060,KSOLVES,KSOLVES INDIA,0.0,,0.0,0.05,1,EQ,NSE,NSE,False,False,False,False
2833665,11069,NATHBIOGEN-BE,NATH BIO-GENES (I),0.0,,0.0,0.01,1,EQ,NSE,NSE,False,False,False,False
2834433,11072,AGRITECH,AGRI-TECH (INDIA),0.0,,0.0,0.01,1,EQ,NSE,NSE,False,False,False,False
2836225,11079,GFSTEELS-BE,GRAND FOUNDRY,0.0,,0.0,0.01,1,EQ,NSE,NSE,False,False,False,False
2836993,11082,LIBAS,LIBAS CONSU PRODUCTS,0.0,,0.0,0.01,1,EQ,NSE,NSE,False,False,False,False
2851841,11140,SUMIT,SUMIT WOODS,0.0,,0.0,0.01,1,EQ,NSE,NSE,False,False,False,False
2854145,11149,SHRENIK,SHRENIK,0.0,,0.0,0.01,1,EQ,NSE,NSE,False,False,False,False
2855425,11154,SGBJUL27-GB,2.50%GOLDBONDS2027SR-II,0.0,,0.0,0.01,1,EQ,NSE,NSE,False,False,False,False
2855681,11155,CREATIVE,CREATIVE NEWTECH,0.0,,0.0,0.05,1,EQ,NSE,NSE,False,False,False,False
2857473,11162,HARSHA,HARSHA ENGINEERS INT,0.0,,0.0,0.05,1,EQ,NSE,NSE,False,False,False,False
2859265,11169,COFFEEDAY-BE,COFFEE DAY ENTERPRISE,0.0,,0.0,0.01,1,EQ,NSE,NSE,False,False,False,False
2863105,11184,IDFCFIRSTB,IDFC FIRST BANK,0.0,,0.0,0.01,1,EQ,NSE,NSE,False,True,False,True
2865153,11192,SGBAUG30-GB,2.50%GOLDBONDS2030SR-II,0.0,,0.0,0.01,1,EQ,NSE,NSE,False,False,False,False
2865409,11193,AXISILVER,AXISAMC - AXISILVER,0.0,,0.0,0.01,1,EQ,NSE,NSE,False,False,False,False
2865921,11195,INDIGO,INTERGLOBE AVIATION,0.0,,0.0,0.5,1,EQ,NSE,NSE,True,False,False,False
2870273,11212,SHK,S H KELKAR AND CO.,0.0,,0.0,0.01,1,EQ,NSE,NSE,False,False,False,False
2870785,11214,NOIDATOLL-BE,NOIDA TOLL BRIDGE CO,0.0,,0.0,0.01,1,EQ,NSE,NSE,False,False,False,False
2871553,11217,TEAMGTY-BE,TEAM INDIA GUARANTY,0.0,,0.0,0.05,1,EQ,NSE,NSE,False,False,False,False
2872321,11220,VARDHACRLC,VARDHAMAN ACRYLICS,0.0,,0.0,0.01,1,EQ,NSE,NSE,False,False,False,False
2873089,11223,UCOBANK,UCO BANK,0.0,,0.0,0.01,1,EQ,NSE,NSE,False,False,False,False
2873857,11226,BAGFILMS,B.A.G FILMS AND MEDIA,0.0,,0.0,0.01,1,EQ,NSE,NSE,False,False,False,False
2875649,11233,SUVEN,SUVEN LIFE SCIENCES,0.0,,0.0,0.01,1,EQ,NSE,NSE,False,False,False,False
2876417,11236,JSL,JINDAL STAINLESS,0.0,,0.0,0.05,1,EQ,NSE,NSE,False,False,False,False
2877185,11239,NSIL,NALWA SONS INVESTMENT,0.0,,0.0,0.5,1,EQ,NSE,NSE,False,False,False,False
2877697,11241,HDFCGROWTH,HDFCAMC - HDFCGROWTH,0.0,,0.0,0.01,1,EQ,NSE,NSE,False,False,False,False
2880769,11253,WELSPUNLIV,WELSPUN LIVING,0.0,,0.0,0.01,1,EQ,NSE,NSE,False,False,False,False
2881281,11255,HDFCQUAL,HDFCAMC - HDFCQUAL,0.0,,0.0,0.01,1,EQ,NSE,NSE,False,False,False,False
2881537,11256,JAIBALAJI,JAI BALAJI INDUSTRIES,0.0,,0.0,0.01,1,EQ,NSE,NSE,False,False,False,False
2882561,11260,HDFCVALUE,HDFCAMC - HDFCVALUE,0.0,,0.0,0.01,1,EQ,NSE,NSE,False,False,False,False
2883073,11262,IGL,INDRAPRASTHA GAS,0.0,,0.0,0.01,1,EQ,NSE,NSE,False,False,True,False
2883841,11265,TVSELECT,TVS ELECTRONICS,0.0,,0.0,0.05,1,EQ,NSE,NSE,False,False,False,False
2885377,11271,DREDGECORP,DREDGING CORP OF INDIA,0.0,,0.0,0.05,1,EQ,NSE,NSE,False,False,False,False
2886401,11275,TVTODAY,TV TODAY NETWORK,0.0,,0.0,0.01,1,EQ,NSE,NSE,False,False,False,False
2889473,11287,UPL,UPL,0.0,,0.0,0.05,1,EQ,NSE,NSE,False,False,False,True
2891009,11293,UNIENTER,UNIPHOS ENTERPRISES,0.0,,0.0,0.01,1,EQ,NSE,NSE,False,False,False,False
2892033,11297,SIL,STANDARD INDUSTRIES,0.0,,0.0,0.01,1,EQ,NSE,NSE,False,False,False,False
2893057,11301,LUXIND,LUX INDUSTRIES,0.0,,0.0,0.1,1,EQ,NSE,NSE,False,False,False,False
2895105,11309,BALAXI,BALAXI PHARMA,0.0,,0.0,0.01,1,EQ,NSE,NSE,False,False,False,False
2897665,11319,LICNETFN50,LICNAMC - LICNFENGP,0.0,,0.0,0.01,1,EQ,NSE,NSE,False,False,False,False
2899201,11325,MUKANDLTD,MUKAND,0.0,,0.0,0.01,1,EQ,NSE,NSE,False,False,False,False
2903809,11343,AFFLE,AFFLE 3I,0.0,,0.0,0.1,1,EQ,NSE,NSE,False,False,True,False
2905857,11351,PETRONET,PETRONET LNG,0.0,,0.0,0.05,1,EQ,NSE,NSE,False,False,False,False
2906881,11355,PTC,PTC INDIA,0.0,,0.0,0.01,1,EQ,NSE,NSE,False,False,False,False
2907905,11359,DHANBANK,DHANLAXMI BANK,0.0,,0.0,0.01,1,EQ,NSE,NSE,False,False,False,False
2909185,11364,VAIBHAVGBL,VAIBHAV GLOBAL,0.0,,0.0,0.01,1,EQ,NSE,NSE,False,False,False,False
2910465,11369,TTKHLTCARE,TTK HEALTHCARE,0.0,,0.0,0.1,1,EQ,NSE,NSE,False,False,False,False
2910977,11371,BGLOBAL-BZ,BHARATIYA GLOBAL INFO,0.0,,0.0,0.01,1,EQ,NSE,NSE,False,False,False,False
2911489,11373,BIOCON,BIOCON,0.0,,0.0,0.05,1,EQ,NSE,NSE,False,False,False,False
2911745,11374,TIPSFILMS,TIPS FILMS,0.0,,0.0,0.05,1,EQ,NSE,NSE,False,False,False,False
2912513,11377,MAHABANK,BANK OF MAHARASHTRA,0.0,,0.0,0.01,1,EQ,NSE,NSE,False,False,False,False
2914817,11386,PVTBANIETF,ICICIPRAMC - ICICIBANKP,0.0,,0.0,0.01,1,EQ,NSE,NSE,False,False,False,False
2916865,11394,ZOTA,ZOTA HEALTH CARE,0.0,,0.0,0.1,1,EQ,NSE,NSE,False,False,False,False
2918145,11399,SALZERELEC,SALZER ELECTRONICS,0.0,,0.0,0.05,1,EQ,NSE,NSE,False,False,False,False
2919169,11403,POONAWALLA,POONAWALLA FINCORP,0.0,,0.0,0.05,1,EQ,NSE,NSE,False,False,True,False
2920193,11407,XPROINDIA,XPRO INDIA,0.0,,0.0,0.1,1,EQ,NSE,NSE,False,False,False,False
2921217,11411,RKFORGE,RAMKRISHNA FORGINGS,0.0,,0.0,0.05,1,EQ,NSE,NSE,False,False,False,False
2924289,11423,DATAMATICS,DATAMATICS GLOBAL SER,0.0,,0.0,0.1,1,EQ,NSE,NSE,False,False,False,False
2925313,11427,NDTV,NDTV,0.0,,0.0,0.01,1,EQ,NSE,NSE,False,False,False,False
2926593,11432,KRITINUT,KRITI NUTRIENTS,0.0,,0.0,0.01,1,EQ,NSE,NSE,False,False,False,False
2927361,11435,SPANDANA,SPANDANA SPHOORTY FIN,0.0,,0.0,0.01,1,EQ,NSE,NSE,False,False,False,False
2928385,11439,BANKBEES,NIP IND ETF BANK BEES,0.0,,0.0,0.01,1,EQ,NSE,NSE,False,False,False,False
2928897,11441,LICNETFSEN,LICNAMC - LICNFESGP,0.0,,0.0,0.01,1,EQ,NSE,NSE,False,False,False,False
2929921,11445,PILANIINVS,PILANI INV & IND COR,0.0,,0.0,0.1,1,EQ,NSE,NSE,False,False,False,False
2931713,11452,CCL,CCL PRODUCTS (I),0.0,,0.0,0.05,1,EQ,NSE,NSE,False,False,False,False
2932993,11457,NV20,KOTAKMAMC - KTKNV20ETF,0.0,,0.0,0.01,1,EQ,NSE,NSE,False,False,False,False
2934017,11461,JPASSOCIAT-BE,JAIPRAKASH ASSOCIATES,0.0,,0.0,0.01,1,EQ,NSE,NSE,False,False,False,False
2936577,11471,EXCELINDUS,EXCEL INDUSTRIES,0.0,,0.0,0.1,1,EQ,NSE,NSE,False,False,False,False
2939649,11483,LT,LARSEN & TOUBRO,0.0,,0.0,0.1,1,EQ,NSE,NSE,True,False,False,False
2940929,11488,KRIDHANINF-BE,KRIDHAN INFRA,0.0,,0.0,0.01,1,EQ,NSE,NSE,False,False,False,False
2941697,11491,APARINDS,APAR INDUSTRIES,0.0,,0.0,0.5,1,EQ,NSE,NSE,False,False,False,False
2942977,11496,AMBICAAGAR,AMBICA AGAR & AROMAINDLTD,0.0,,0.0,0.01,1,EQ,NSE,NSE,False,False,False,False
2946817,11511,CENTEXT,CENTURY EXTRUSIONS,0.0,,0.0,0.01,1,EQ,NSE,NSE,False,False,False,False
2949633,11522,NIITLTD,NIIT,0.0,,0.0,0.01,1,EQ,NSE,NSE,False,False,False,False
2951681,11530,EMIL,ELECTRONICS MART IND,0.0,,0.0,0.01,1,EQ,NSE,NSE,False,False,False,False
2952193,11532,ULTRACEMCO,ULTRATECH CEMENT,0.0,,0.0,1.0,1,EQ,NSE,NSE,True,False,False,False
2953217,11536,TCS,TATA CONSULTANCY SERV LT,0.0,,0.0,0.1,1,EQ,NSE,NSE,True,False,False,False
2953729,11538,HDFCMOMENT,HDFCAMC - HDFCMOMENT,0.0,,0.0,0.01,1,EQ,NSE,NSE,False,False,False,False
2955009,11543,COFORGE,COFORGE,0.0,,0.0,0.1,1,EQ,NSE,NSE,False,False,False,False
2956033,11547,HDFCLOWVOL,HDFCAMC - HDFCLOWVOL,0.0,,0.0,0.01,1,EQ,NSE,NSE,False,False,False,False
2956545,11549,TEXINFRA,TEXMACO INFRA & HOLDG,0.0,,0.0,0.01,1,EQ,NSE,NSE,False,False,False,False
2960897,11566,DCI,DC INFOTECH AND COMUN,0.0,,0.0,0.01,1,EQ,NSE,NSE,False,False,False,False
2962177,11571,PPLPHARMA,PIRAMAL PHARMA,0.0,,0.0,0.01,1,EQ,NSE,NSE,False,False,True,False
2962689,11573,FORCEMOT,FORCE MOTORS,0.0,,0.0,1.0,1,EQ,NSE,NSE,False,False,False,False
2964481,11580,WESTLIFE,WESTLIFE FOODWORLD,0.0,,0.0,0.05,1,EQ,NSE,NSE,False,False,False,False
2964737,11581,GULFPETRO,GP PETROLEUMS,0.0,,0.0,0.01,1,EQ,NSE,NSE,False,False,False,False
2964993,11582,TRACXN,TRACXN TECHNOLOGIES,0.0,,0.0,0.01,1,EQ,NSE,NSE,False,False,False,False
2967297,11591,HDFCNIFTY,HDFCAMC - HDFCNIFTY,0.0,,0.0,0.01,1,EQ,NSE,NSE,False,False,False,False
2967809,11593,HDFCSENSEX,HDFCAMC - HDFCSENSEX,0.0,,0.0,0.01,1,EQ,NSE,NSE,False,False,False,False
2968577,11596,LINCOLN,LINCOLN PHARMA,0.0,,0.0,0.05,1,EQ,NSE,NSE,False,False,False,False
2971137,11606,GUFICBIO,GUFIC BIOSCIENCES,0.0,,0.0,0.05,1,EQ,NSE,NSE,False,False,False,False
2974209,11618,ASTRAMICRO,ASTRA MICROWAVE,0.0,,0.0,0.1,1,EQ,NSE,NSE,False,False,False,False
2974465,11619,GOLDENTOBC-BZ,GOLDEN TOBACCO,0.0,,0.0,0.01,1,EQ,NSE,NSE,False,False,False,False
2976257,11626,WELENT,WELSPUN ENTERPRISES,0.0,,0.0,0.05,1,EQ,NSE,NSE,False,False,False,False
2976513,11627,NARMADA,NARMADA AGROBASE,0.0,,0.0,0.01,1,EQ,NSE,NSE,False,False,False,False
2977281,11630,NTPC,NTPC,0.0,,0.0,0.05,1,EQ,NSE,NSE,True,False,False,False
2979073,11637,SALSTEEL-BE,S.A.L. STEEL,0.0,,0.0,0.01,1,EQ,NSE,NSE,False,False,False,False
2979841,11640,BOHRAIND,BOHRA INDUSTRIES,0.0,,0.0,0.01,1,EQ,NSE,NSE,False,False,False,False
2981633,11647,KOTARISUG,KOTHARI SUG & CHEM,0.0,,0.0,0.01,1,EQ,NSE,NSE,False,False,False,False
2983425,11654,LALPATHLAB,DR. LAL PATH LABS,0.0,,0.0,0.1,1,EQ,NSE,NSE,False,False,True,False
2983681,11655,JBMA,JBM AUTO,0.0,,0.0,0.05,1,EQ,NSE,NSE,False,False,False,False
2986753,11667,DWARKESH,DWARIKESH SUGAR IND,0.0,,0.0,0.01,1,EQ,NSE,NSE,False,False,False,False
2989313,11677,INDOCO,INDOCO REMEDIES,0.0,,0.0,0.05,1,EQ,NSE,NSE,False,False,False,False
2992385,11689,SUPRAJIT,SUPRAJIT ENGINEERING,0.0,,0.0,0.05,1,EQ,NSE,NSE,False,False,False,False
2994945,11699,PATELENG,PATEL ENGINEERING,0.0,,0.0,0.01,1,EQ,NSE,NSE,False,False,False,False
2995969,11703,ALKEM,ALKEM LABORATORIES,0.0,,0.0,0.5,1,EQ,NSE,NSE,False,False,False,False
2996481,11705,XCHANGING,XCHANGING SOLUTIONS,0.0,,0.0,0.01,1,EQ,NSE,NSE,False,False,False,False
3001089,11723,JSWSTEEL,JSW STEEL,0.0,,0.0,0.1,1,EQ,NSE,NSE,True,False,False,False
3003137,11731,CONSOFINVT,CONSO. FIN. & HOLD.,0.0,,0.0,0.01,1,EQ,NSE,NSE,False,False,False,False
3006209,11743,JINDALPHOT,JINDAL PHOTO,0.0,,0.0,0.1,1,EQ,NSE,NSE,False,False,False,False
3011329,11763,JPPOWER,JAIPRAKASH POWER VEN.,0.0,,0.0,0.01,1,EQ,NSE,NSE,False,False,False,False
3015169,11778,GOKEX,GOKALDAS EXPORTS,0.0,,0.0,0.05,1,EQ,NSE,NSE,False,False,False,False
3015425,11779,ACEINTEG,ACE INTEGRATED SOLU.,0.0,,0.0,0.01,1,EQ,NSE,NSE,False,False,False,False
3016193,11782,EVEREADY,EVEREADY INDS. IND. ,0.0,,0.0,0.05,1,EQ,NSE,NSE,False,False,False,False
3017473,11787,GOYALALUM,GOYAL ALUMINIUMS,0.0,,0.0,0.01,1,EQ,NSE,NSE,False,False,False,False
3019265,11794,SAKSOFT,SAKSOFT,0.0,,0.0,0.01,1,EQ,NSE,NSE,False,False,False,False
3019777,11796,HPIL,HINDPRAKASH INDUSTRY,0.0,,0.0,0.01,1,EQ,NSE,NSE,False,False,False,False
3020289,11798,ALLDIGI,ALLDIGI TECH,0.0,,0.0,0.05,1,EQ,NSE,NSE,False,False,False,False
3021825,11804,SUKHJITS,SUKHJIT STARCH & CHEM,0.0,,0.0,0.01,1,EQ,NSE,NSE,False,False,False,False
3023105,11809,IIFL,IIFL FINANCE,0.0,,0.0,0.05,1,EQ,NSE,NSE,False,False,True,False
3024129,11813,SHOPERSTOP,SHOPPERS STOP,0.0,,0.0,0.05,1,EQ,NSE,NSE,False,False,False,False
3025153,11817,MANGALAM,MANGALAM DRUG & CHEM,0.0,,0.0,0.01,1,EQ,NSE,NSE,False,False,False,False
3026177,11821,WELCORP,WELSPUN CORP,0.0,,0.0,0.05,1,EQ,NSE,NSE,False,False,True,False
3028225,11829,SSWL,STEEL STRIPS WHEELS,0.0,,0.0,0.01,1,EQ,NSE,NSE,False,False,False,False
3031041,11840,NH,NARAYANA HRUDAYALAYA,0.0,,0.0,0.1,1,EQ,NSE,NSE,False,False,False,False
3032321,11845,CYBERMEDIA-BE,CYBER MEDIA (INDIA),0.0,,0.0,0.01,1,EQ,NSE,NSE,False,False,False,False
3034113,11852,SURYALAXMI,SURYALAKSHMI COT MIL,0.0,,0.0,0.01,1,EQ,NSE,NSE,False,False,False,False
3035137,11856,SHAHALLOYS,SHAH ALLOYS,0.0,,0.0,0.01,1,EQ,NSE,NSE,False,False,False,False
3036161,11860,JKPAPER,JK PAPER,0.0,,0.0,0.05,1,EQ,NSE,NSE,False,False,False,False
3037185,11864,PRIMESECU,PRIME SECURITIES,0.0,,0.0,0.05,1,EQ,NSE,NSE,False,False,False,False
3038209,11868,63MOONS,63 MOONS TECHNOLOGIES,0.0,,0.0,0.05,1,EQ,NSE,NSE,False,False,False,False
3039233,11872,GRANULES,GRANULES INDIA,0.0,,0.0,0.05,1,EQ,NSE,NSE,False,False,False,False
3041281,11880,JSWHL,JSW HOLDINGS,0.0,,0.0,1.0,1,EQ,NSE,NSE,False,False,False,False
3042305,11884,MANINDS,MAN INDUSTRIES (I),0.0,,0.0,0.05,1,EQ,NSE,NSE,False,False,False,False
3044353,11892,VHL,VARDHMAN HOLDINGS,0.0,,0.0,0.1,1,EQ,NSE,NSE,False,False,False,False
3045121,11895,DCXINDIA,DCX SYSTEMS,0.0,,0.0,0.05,1,EQ,NSE,NSE,False,False,False,False
3045377,11896,GEOJITFSL,GEOJIT FINANCIAL SER L,0.0,,0.0,0.01,1,EQ,NSE,NSE,False,False,False,False
3047681,11905,GENUSPOWER,GENUS POWER INFRASTRU,0.0,,0.0,0.05,1,EQ,NSE,NSE,False,False,False,False
3048705,11909,SWELECTES,SWELECT ENERGY SYS,0.0,,0.0,0.05,1,EQ,NSE,NSE,False,False,False,False
3050241,11915,YESBANK,YES BANK,0.0,,0.0,0.01,1,EQ,NSE,NSE,False,True,False,True
3051265,11919,MSPL,MSP STEEL & POWER,0.0,,0.0,0.01,1,EQ,NSE,NSE,False,False,False,False
3054081,11930,NECLIFE-BE,NECTAR LIFESCIENCES,0.0,,0.0,0.01,1,EQ,NSE,NSE,False,False,False,False
3054593,11932,FUSION,FUSION FINANCE,0.0,,0.0,0.01,1,EQ,NSE,NSE,False,False,False,False
3055361,11935,SPLIL,SPL INDUSTRIES,0.0,,0.0,0.01,1,EQ,NSE,NSE,False,False,False,False
3057409,11943,MCLEODRUSS,MCLEOD RUSSEL INDIA,0.0,,0.0,0.01,1,EQ,NSE,NSE,False,False,False,False
3060737,11956,MEDANTA,GLOBAL HEALTH,0.0,,0.0,0.1,1,EQ,NSE,NSE,False,False,False,False
3062785,11964,SEMAC-BE,SEMAC CONSTRUCTION,0.0,,0.0,0.05,1,EQ,NSE,NSE,False,False,False,False
3063297,11966,BIKAJI,BIKAJI FOODS INTERN,0.0,,0.0,0.05,1,EQ,NSE,NSE,False,False,False,False
3064577,11971,GOLDIAM,GOLDIAM INTERNATIONAL,0.0,,0.0,0.05,1,EQ,NSE,NSE,False,False,False,False
3065601,11975,RML,RANE (MADRAS),0.0,,0.0,0.05,1,EQ,NSE,NSE,False,False,False,False
3067393,11982,HTMEDIA-BE,HT MEDIA,0.0,,0.0,0.01,1,EQ,NSE,NSE,False,False,False,False
3067649,11983,SASKEN,SASKEN TECHNOLOGIES,0.0,,0.0,0.1,1,EQ,NSE,NSE,False,False,False,False
3068673,11987,ICIL,INDO COUNT INDUSTRIES,0.0,,0.0,0.01,1,EQ,NSE,NSE,False,False,False,False
3069953,11992,SYNCOMF,SYNCOM FORMU (I),0.0,,0.0,0.01,1,EQ,NSE,NSE,False,False,False,False
3071745,11999,FCSSOFT,FCS SOFTWARE SOLN.,0.0,,0.0,0.01,1,EQ,NSE,NSE,False,False,False,False
3072001,12000,FAZE3Q,FAZE THREE,0.0,,0.0,0.05,1,EQ,NSE,NSE,False,False,False,False
3074305,12009,IMPAL,IND MOTOR PART & ACC,0.0,,0.0,0.05,1,EQ,NSE,NSE,False,False,False,False
3075841,12015,AEROENTER,AEROFLEX ENTERPRISES,0.0,,0.0,0.01,1,EQ,NSE,NSE,False,False,False,False
3076609,12018,SUZLON,SUZLON ENERGY,0.0,,0.0,0.01,1,EQ,NSE,NSE,False,False,False,True
3077633,12022,AURIONPRO,AURIONPRO SOLN,0.0,,0.0,0.1,1,EQ,NSE,NSE,False,False,False,False
3078145,12024,ACI,ARCHEAN CHEMICAL IND,0.0,,0.0,0.05,1,EQ,NSE,NSE,False,False,False,False
3078657,12026,RENUKA,SHREE RENUKA SUGARS,0.0,,0.0,0.01,1,EQ,NSE,NSE,False,False,False,False
3080193,12032,FIVESTAR,FIVE-STAR BUS FIN,0.0,,0.0,0.05,1,EQ,NSE,NSE,False,False,False,False
3080705,12034,BASML,BANNARI AM SPIN MILL,0.0,,0.0,0.01,1,EQ,NSE,NSE,False,False,False,False
3090433,12072,SCPL,SHEETAL COOL PRODUCTS,0.0,,0.0,0.01,1,EQ,NSE,NSE,False,False,False,False
3095553,12092,KAYNES,KAYNES TECHNOLOGY IND,0.0,,0.0,0.5,1,EQ,NSE,NSE,False,False,True,False
3097857,12101,HDFCNIFIT,HDFCAMC - HDFCNIFIT,0.0,,0.0,0.01,1,EQ,NSE,NSE,False,False,False,False
3099649,12108,HDFCPVTBAN,HDFCAMC - HDFCPVTBAN,0.0,,0.0,0.01,1,EQ,NSE,NSE,False,False,False,False
3102977,12121,AARTISURF-P1,AARTI SURFACTANTS,0.0,,0.0,0.05,1,EQ,NSE,NSE,False,False,False,False
3103745,12124,DOLATALGO,DOLAT ALGOTECH,0.0,,0.0,0.01,1,EQ,NSE,NSE,False,False,False,False
3111169,12153,BBTCL,B&B TRIPLEWALL CONT,0.0,,0.0,0.01,1,EQ,NSE,NSE,False,False,False,False
3116289,12173,HNDFDS,HINDUSTAN FOODS,0.0,,0.0,0.05,1,EQ,NSE,NSE,False,False,False,False
3120129,12188,INOXGREEN,INOX GREEN ENERGY SER,0.0,,0.0,0.01,1,EQ,NSE,NSE,False,False,False,False
3128065,12219,RUSTOMJEE,KEYSTONE REALTORS,0.0,,0.0,0.05,1,EQ,NSE,NSE,False,False,False,False
3170305,12384,ZIMLAB,ZIM LABORATORIES,0.0,,0.0,0.01,1,EQ,NSE,NSE,False,False,False,False
3197185,12489,SWSOLAR,STRLNG & WIL REN ENE,0.0,,0.0,0.05,1,EQ,NSE,NSE,False,False,False,False
3197441,12490,VINNY,VINNY OVERSEAS,0.0,,0.0,0.01,1,EQ,NSE,NSE,False,False,False,False
3208449,12533,AAATECH,AAA TECHNOLOGIES,0.0,,0.0,0.01,1,EQ,NSE,NSE,False,False,False,False
3219969,12578,FINIETF,ICICIPRAMC-ICICIFIN,0.0,,0.0,0.01,1,EQ,NSE,NSE,False,False,False,False
3226369,12603,PRECAM,PRECISION CAMSHAFTS,0.0,,0.0,0.01,1,EQ,NSE,NSE,False,False,False,False
3236609,12643,OSIAHYPER-BE,OSIA HYPER RETAIL,0.0,,0.0,0.01,1,EQ,NSE,NSE,False,False,False,False
3247617,12686,MBAPL,MADHYA BHARAT AGRO P.,0.0,,0.0,0.05,1,EQ,NSE,NSE,False,False,False,False
3255297,12716,TEAMLEASE,TEAMLEASE SERVICES,0.0,,0.0,0.1,1,EQ,NSE,NSE,False,False,False,False
3263745,12749,DJML,DJ MEDIAPRINT & LOG,0.0,,0.0,0.01,1,EQ,NSE,NSE,False,False,False,False
3279105,12809,HYBRIDFIN,HYBRID FINANCIAL SERVICE,0.0,,0.0,0.01,1,EQ,NSE,NSE,False,False,False,False
3288833,12847,KRISHANA,KRISHANA PHOSCHEM,0.0,,0.0,0.05,1,EQ,NSE,NSE,False,False,False,False
3303425,12904,SGBAUG27-GB,2.50%GOLDBONDS2027SR-III,0.0,,0.0,0.01,1,EQ,NSE,NSE,False,False,False,False
3305729,12913,SARVESHWAR,SARVESHWAR FOODS,0.0,,0.0,0.01,1,EQ,NSE,NSE,False,False,False,False
3322369,12978,NPBET,TATAAML - NPBET,0.0,,0.0,0.01,1,EQ,NSE,NSE,False,False,False,False
3328257,13001,DHARMAJ,DHARMAJ CROP GUARD,0.0,,0.0,0.05,1,EQ,NSE,NSE,False,False,False,False
3336961,13035,SAFARI,SAFARI IND (INDIA),0.0,,0.0,0.1,1,EQ,NSE,NSE,False,False,False,False
3342593,13057,UNIPARTS,UNIPARTS INDIA,0.0,,0.0,0.05,1,EQ,NSE,NSE,False,False,False,False
3343617,13061,360ONE,360 ONE WAM,0.0,,0.0,0.1,1,EQ,NSE,NSE,False,False,False,False
3346433,13072,IIFLCAPS,IIFL CAPITAL SERVICES,0.0,,0.0,0.05,1,EQ,NSE,NSE,False,False,False,False
3348737,13081,TRIVENI,TRIVENI ENGG. & INDS.,0.0,,0.0,0.05,1,EQ,NSE,NSE,False,False,False,False
3348993,13082,SILVER1,KOTAKMAMC - KOTAKSILVE,0.0,,0.0,0.01,1,EQ,NSE,NSE,False,False,False,False
3350017,13086,AIAENG,AIA ENGINEERING,0.0,,0.0,0.1,1,EQ,NSE,NSE,False,False,False,False
3351297,13091,EKC,EVEREST KANTO CYLINDERLTD,0.0,,0.0,0.01,1,EQ,NSE,NSE,False,False,False,False
3353857,13101,VIMTALABS,VIMTA LABS,0.0,,0.0,0.05,1,EQ,NSE,NSE,False,False,False,False
3355137,13106,NAHARINDUS,NAHAR INDS ENT,0.0,,0.0,0.01,1,EQ,NSE,NSE,False,False,False,False
3356417,13111,ORIENTCER,ORIENT CERATECH,0.0,,0.0,0.01,1,EQ,NSE,NSE,False,False,False,False
3357697,13116,QUICKHEAL,QUICK HEAL TECH,0.0,,0.0,0.05,1,EQ,NSE,NSE,False,False,False,False
3358977,13121,KERNEX,KERNEX MICROSYS(I),0.0,,0.0,0.1,1,EQ,NSE,NSE,False,False,False,False
3360257,13126,REPRO,REPRO INDIA,0.0,,0.0,0.05,1,EQ,NSE,NSE,False,False,False,False
3363585,13139,EBBETF0433,EDELAMC - EBBETF0433,0.0,,0.0,0.01,1,EQ,NSE,NSE,False,False,False,False
3364609,13143,GSEC10IETF,ICICIPRAMC - ICICI10GS,0.0,,0.0,0.01,1,EQ,NSE,NSE,False,False,False,False
3365633,13147,PVRINOX,PVR INOX,0.0,,0.0,0.1,1,EQ,NSE,NSE,False,False,False,False
3369473,13162,CELEBRITY,CELEBRITY FASHIONS,0.0,,0.0,0.01,1,EQ,NSE,NSE,False,False,False,False
3372801,13175,NITINSPIN,NITIN SPINNERS,0.0,,0.0,0.05,1,EQ,NSE,NSE,False,False,False,False
3374593,13182,ROHLTD,ROYAL ORCHID HOTELS,0.0,,0.0,0.05,1,EQ,NSE,NSE,False,False,False,False
3376129,13188,RCOM-BE,RELIANCE COMMUNICATIONS L,0.0,,0.0,0.01,1,EQ,NSE,NSE,False,False,False,False
3377153,13192,ENIL,ENTERTAIN NET. IND.,0.0,,0.0,0.01,1,EQ,NSE,NSE,False,False,False,False
3377665,13194,741GS2036-GS,GOI LOAN  7.41% 2036,0.0,,0.0,0.01,1,EQ,NSE,NSE,False,False,False,False
3378433,13197,GSPL,GUJARAT STATE PETRO,0.0,,0.0,0.05,1,EQ,NSE,NSE,False,False,False,False
3378689,13198,COMMOIETF,ICICIPRAMC - ICICICOMMO,0.0,,0.0,0.01,1,EQ,NSE,NSE,False,False,False,False
3381505,13209,SGBSEP27-GB,2.50%GOLDBONDS2027SR-IV,0.0,,0.0,0.01,1,EQ,NSE,NSE,False,False,False,False
3382017,13211,JAGRAN,JAGRAN PRAKASHAN,0.0,,0.0,0.01,1,EQ,NSE,NSE,False,False,False,False
3383809,13218,SULA,SULA VINEYARDS,0.0,,0.0,0.01,1,EQ,NSE,NSE,False,False,False,False
3386625,13229,GVKPIL-BE,GVK POW. & INFRA,0.0,,0.0,0.01,1,EQ,NSE,NSE,False,False,False,False
3388417,13236,SADBHAV,SADBHAV ENGINEERING,0.0,,0.0,0.01,1,EQ,NSE,NSE,False,False,False,False
3392257,13251,SAKUMA,SAKUMA EXPORTS,0.0,,0.0,0.01,1,EQ,NSE,NSE,False,False,False,False
3394561,13260,KEC,KEC INTL.,0.0,,0.0,0.05,1,EQ,NSE,NSE,False,False,False,False
3397121,13270,JKCEMENT,JK CEMENT,0.0,,0.0,0.5,1,EQ,NSE,NSE,False,False,False,False
3398401,13275,INDOTECH,INDO TECH TRANSFORM,0.0,,0.0,0.1,1,EQ,NSE,NSE,False,False,False,False
3398657,13276,LANDMARK,LANDMARK CARS,0.0,,0.0,0.05,1,EQ,NSE,NSE,False,False,False,False
3400961,13285,M&MFIN,M&M FIN. SERVICES,0.0,,0.0,0.05,1,EQ,NSE,NSE,False,False,False,False
3401729,13288,AFSL,ABANS FINANCIAL SRVCS,0.0,,0.0,0.01,1,EQ,NSE,NSE,False,False,False,False
3402241,13290,BLKASHYAP,B.L.KASHYAP & SON,0.0,,0.0,0.01,1,EQ,NSE,NSE,False,False,False,False
3404289,13298,VISASTEEL-BE,VISA STEEL,0.0,,0.0,0.01,1,EQ,NSE,NSE,False,False,False,False
3404801,13300,NITCO,NITCO,0.0,,0.0,0.01,1,EQ,NSE,NSE,False,False,False,False
3406081,13305,CENTURYPLY,CENTURY PLYBOARDS (I),0.0,,0.0,0.05,1,EQ,NSE,NSE,False,False,False,False
3406593,13307,IEL-BE,INDIABULLS ENT,0.0,,0.0,0.01,1,EQ,NSE,NSE,False,False,False,False
3407361,13310,KEI,KEI INDUSTRIES,0.0,,0.0,0.1,1,EQ,NSE,NSE,False,False,False,False
3410177,13321,ORTEL-BZ,ORTEL COMMUNICATIONS,0.0,,0.0,0.01,1,EQ,NSE,NSE,False,False,False,False
3412993,13332,SOLARINDS,SOLAR INDUSTRIES (I),0.0,,0.0,1.0,1,EQ,NSE,NSE,False,False,False,False
3414273,13337,GALLANTT,GALLANTT ISPAT,0.0,,0.0,0.05,1,EQ,NSE,NSE,False,False,False,False
3415553,13342,VAKRANGEE,VAKRANGEE,0.0,,0.0,0.01,1,EQ,NSE,NSE,False,False,False,False
3418113,13352,MALUPAPER,MALU PAPER MILLS,0.0,,0.0,0.01,1,EQ,NSE,NSE,False,False,False,False
3419905,13359,KFINTECH,KFIN TECHNOLOGIES,0.0,,0.0,0.1,1,EQ,NSE,NSE,False,False,True,False
3421953,13367,SGL,STL GLOBAL,0.0,,0.0,0.01,1,EQ,NSE,NSE,False,False,False,False
3424257,13376,UTTAMSUGAR,UTTAM SUGAR MILLS,0.0,,0.0,0.05,1,EQ,NSE,NSE,False,False,False,False
3425537,13381,KKCL,KEWAL KIRAN CLOTHING,0.0,,0.0,0.05,1,EQ,NSE,NSE,False,False,False,False
3430401,13400,BHAGERIA,BHAGERIA INDUSTRIES,0.0,,0.0,0.01,1,EQ,NSE,NSE,False,False,False,False
3431425,13404,SUNTV,SUN TV NETWORK,0.0,,0.0,0.05,1,EQ,NSE,NSE,False,False,False,False
3432705,13409,GPIL,GODAWARI POW & ISP,0.0,,0.0,0.01,1,EQ,NSE,NSE,False,False,False,False
3433985,13414,RSYSTEMS,R SYS INTERNATIONAL,0.0,,0.0,0.05,1,EQ,NSE,NSE,False,False,False,False
3435265,13419,SUPREMEINF-BZ,SUPREME INFRA.,0.0,,0.0,0.01,1,EQ,NSE,NSE,False,False,False,False
3436289,13423,ELIN,ELIN ELECTRONICS,0.0,,0.0,0.01,1,EQ,NSE,NSE,False,False,False,False
3436545,13424,EMKAY-BE,EMKAY GLOBAL FIN SERV,0.0,,0.0,0.01,1,EQ,NSE,NSE,False,False,False,False
3438081,13430,KELLTONTEC,KELLTON TECH SOL,0.0,,0.0,0.01,1,EQ,NSE,NSE,False,False,False,False
3439617,13436,LOKESHMACH,LOKESH MACHINES,0.0,,0.0,0.01,1,EQ,NSE,NSE,False,False,False,False
3440897,13441,BALPHARMA,BAL PHARMA,0.0,,0.0,0.01,1,EQ,NSE,NSE,False,False,False,False
3443457,13451,RATNAMANI,RATNAMANI MET & TUB,0.0,,0.0,0.1,1,EQ,NSE,NSE,False,False,False,False
3444993,13457,KAMDHENU,KAMDHENU,0.0,,0.0,0.01,1,EQ,NSE,NSE,False,False,False,False
3446529,13463,PIONEEREMB,PIONEER EMBROIDERIES,0.0,,0.0,0.01,1,EQ,NSE,NSE,False,False,False,False
3448833,13472,645GS2029-GS,GOI LOAN 6.45% 2029,0.0,,0.0,0.01,1,EQ,NSE,NSE,False,False,False,False
3453697,13491,JKLAKSHMI,JK LAKSHMI CEMENT,0.0,,0.0,0.05,1,EQ,NSE,NSE,False,False,False,False
3454977,13496,PFOCUS,PRIME FOCUS,0.0,,0.0,0.01,1,EQ,NSE,NSE,False,False,False,False
3456257,13501,ALLCARGO,ALLCARGO LOGISTICS,0.0,,0.0,0.01,1,EQ,NSE,NSE,False,False,False,False
3458561,13510,AKASH,AKASH INFRA-PROJECTS,0.0,,0.0,0.01,1,EQ,NSE,NSE,False,False,False,False
3458817,13511,MUNJALAU,MUNJAL AUTO IND.,0.0,,0.0,0.01,1,EQ,NSE,NSE,False,False,False,False
3459841,13515,OMKARCHEM-BZ,OMKAR SPL CHEM,0.0,,0.0,0.01,1,EQ,NSE,NSE,False,False,False,False
3460353,13517,EMAMILTD,EMAMI,0.0,,0.0,0.05,1,EQ,NSE,NSE,False,False,False,False
3461633,13522,NECCLTD,NORTH EAST CARRY CORP,0.0,,0.0,0.01,1,EQ,NSE,NSE,False,False,False,False
3463169,13528,GMRAIRPORT,GMR AIRPORTS,0.0,,0.0,0.01,1,EQ,NSE,NSE,False,False,False,True
3465217,13536,VIDHIING,VIDHI SPCLTY F INGRDNTS L,0.0,,0.0,0.05,1,EQ,NSE,NSE,False,False,False,False
3465729,13538,TECHM,TECH MAHINDRA,0.0,,0.0,0.1,1,EQ,NSE,NSE,True,False,False,False
3470593,13557,AVONMORE,AVONMORE CAP&MGT SERV,0.0,,0.0,0.01,1,EQ,NSE,NSE,False,False,False,False
3471361,13560,GRINDWELL,GRINDWELL NORTON,0.0,,0.0,0.1,1,EQ,NSE,NSE,False,False,False,False
3472641,13565,RAMANEWS,SHREE RAMA NEWSPRINT,0.0,,0.0,0.01,1,EQ,NSE,NSE,False,False,False,False
3475201,13575,MANUGRAPH-BE,MANUGRAPH INDIA,0.0,,0.0,0.01,1,EQ,NSE,NSE,False,False,False,False
3475713,13577,VOLTAMP,VOLTAMP TRANSFORMERS,0.0,,0.0,0.5,1,EQ,NSE,NSE,False,False,False,False
3476481,13580,RADIANTCMS,RADIANT CASH MGMT SER,0.0,,0.0,0.01,1,EQ,NSE,NSE,False,False,False,False
3477761,13585,ATLANTAA,ATLANTAA,0.0,,0.0,0.01,1,EQ,NSE,NSE,False,False,False,False
3478273,13587,ACE,ACTION CONST EQUIP,0.0,,0.0,0.1,1,EQ,NSE,NSE,False,False,False,False
3480321,13595,HGM-BE,HANDSON GBL MNGMNT,0.0,,0.0,0.01,1,EQ,NSE,NSE,False,False,False,False
3481089,13598,ANTELOPUS,ANTELOPUS SELAN ENRGY,0.0,,0.0,0.05,1,EQ,NSE,NSE,False,False,False,False
3484417,13611,IRCTC,INDIAN RAIL TOUR CORP,0.0,,0.0,0.05,1,EQ,NSE,NSE,False,False,False,False
3486721,13620,ANANTRAJ,ANANT RAJ,0.0,,0.0,0.05,1,EQ,NSE,NSE,False,False,False,False
3488001,13625,BILVYAPAR,BIL VYAPAR,0.0,,0.0,0.01,1,EQ,NSE,NSE,False,False,False,False
3489537,13631,SKYGOLD,SKY GOLD AND DIAMONDS,0.0,,0.0,0.05,1,EQ,NSE,NSE,False,False,False,False
3491073,13637,JMFINANCIL,JM FINANCIAL,0.0,,0.0,0.01,1,EQ,NSE,NSE,False,False,False,False
3492353,13642,SGBDE30III-GB,2.50%GOLDBONDS2030SR-III,0.0,,0.0,0.01,1,EQ,NSE,NSE,False,False,False,False
3492609,13643,ELECON,ELECON ENG. CO.,0.0,,0.0,0.05,1,EQ,NSE,NSE,False,False,False,False
3492865,13644,BANKETFADD,DSPAMC - DSPBANKETF,0.0,,0.0,0.01,1,EQ,NSE,NSE,False,False,False,False
3493889,13648,TALBROAUTO,TALBROS AUTO. COMP.,0.0,,0.0,0.05,1,EQ,NSE,NSE,False,False,False,False
3495937,13656,ALICON,ALICON CASTALLOY,0.0,,0.0,0.05,1,EQ,NSE,NSE,False,False,False,False
3496449,13658,GEECEE,GEECEE VENTURES,0.0,,0.0,0.05,1,EQ,NSE,NSE,False,False,False,False
3499777,13671,MADHUCON,MADHUCON PROJECTS,0.0,,0.0,0.01,1,EQ,NSE,NSE,False,False,False,False
3500801,13675,NRL,NUPUR RECYCLERS,0.0,,0.0,0.01,1,EQ,NSE,NSE,False,False,False,False
3504129,13688,ACLGATI,ALLCARGO GATI,0.0,,0.0,0.01,1,EQ,NSE,NSE,False,False,False,False
3504385,13689,AERONEU,AEROFLEX NEU,0.0,,0.0,0.01,1,EQ,NSE,NSE,False,False,False,False
3505665,13694,INFOMEDIA-BE,INFOMEDIA PRESS,0.0,,0.0,0.01,1,EQ,NSE,NSE,False,False,False,False
3507713,13702,VISHWARAJ,VISHWARAJ SUGAR IND,0.0,,0.0,0.01,1,EQ,NSE,NSE,False,False,False,False
3509761,13710,FIEMIND,FIEM INDUSTRIES,0.0,,0.0,0.1,1,EQ,NSE,NSE,False,False,False,False
3512321,13720,JHS,JHS SVEND. LAB.,0.0,,0.0,0.01,1,EQ,NSE,NSE,False,False,False,False
3513601,13725,DCBBANK,DCB BANK,0.0,,0.0,0.01,1,EQ,NSE,NSE,False,False,False,False
3515905,13734,INSPIRISYS-BE,INSPIRISYS SOLUTIONS,0.0,,0.0,0.01,1,EQ,NSE,NSE,False,False,False,False
3516161,13735,GLOBALVECT,GLOBAL VEC HELICORP,0.0,,0.0,0.01,1,EQ,NSE,NSE,False,False,False,False
3517441,13740,SHYAMTEL,SHYAM TELECOM,0.0,,0.0,0.01,1,EQ,NSE,NSE,False,False,False,False
3518721,13745,GTLINFRA,GTL INFRA.LTD,0.0,,0.0,0.01,1,EQ,NSE,NSE,False,False,False,False
3520001,13750,FLUOROCHEM,GUJARAT FLUOROCHEM,0.0,,0.0,0.1,1,EQ,NSE,NSE,False,False,False,False
3520257,13751,NAUKRI,INFO EDGE (I),0.0,,0.0,0.1,1,EQ,NSE,NSE,False,False,False,True
3520769,13753,MANOMAY,MANOMAY TEX INDIA,0.0,,0.0,0.01,1,EQ,NSE,NSE,False,False,False,False
3521537,13756,SHIVAMAUTO,SHIVAM AUTO.LTD,0.0,,0.0,0.01,1,EQ,NSE,NSE,False,False,False,False
3522817,13761,BBL,BHARAT BIJLEE,0.0,,0.0,0.1,1,EQ,NSE,NSE,False,False,False,False
3526401,13775,AARVEEDEN-BE,AARVEE DEN. & EXP.,0.0,,0.0,0.01,1,EQ,NSE,NSE,False,False,False,False
3526657,13776,GESHIP,THE GE SHPG.LTD,0.0,,0.0,0.05,1,EQ,NSE,NSE,False,False,True,False
3529217,13786,TORNTPOWER,TORRENT POWER,0.0,,0.0,0.1,1,EQ,NSE,NSE,False,False,False,False
3531265,13794,BAIDFIN,BAID FINSERV,0.0,,0.0,0.01,1,EQ,NSE,NSE,False,False,False,False
3531521,13795,PARSVNATH-BE,PARSVNATH DEVELOPER,0.0,,0.0,0.01,1,EQ,NSE,NSE,False,False,False,False
3531777,13796,MANALIPETC,MANALI PETROCHEMICALS LT,0.0,,0.0,0.01,1,EQ,NSE,NSE,False,False,False,False
3533057,13801,SUTLEJTEX,SUTLEJ TEXT & INDUS,0.0,,0.0,0.01,1,EQ,NSE,NSE,False,False,False,False
3535361,13810,GREENPANEL,GREENPANEL INDUSTRIES,0.0,,0.0,0.05,1,EQ,NSE,NSE,False,False,False,False
3535873,13812,FEL-BZ,FUTURE ENTERPRISES,0.0,,0.0,0.01,1,EQ,NSE,NSE,False,False,False,False
3536385,13814,KAMOPAINTS,KAMDHENU VENTURES,0.0,,0.0,0.01,1,EQ,NSE,NSE,False,False,False,False
3536897,13816,LTFOODS,LT FOODS,0.0,,0.0,0.05,1,EQ,NSE,NSE,False,False,False,False
3538177,13821,RUCHIRA,RUCHIRA PAPERS,0.0,,0.0,0.01,1,EQ,NSE,NSE,False,False,False,False
3539457,13826,SOBHA,SOBHA,0.0,,0.0,0.1,1,EQ,NSE,NSE,False,False,False,False
3542785,13839,DONEAR,DONEAR IND.,0.0,,0.0,0.01,1,EQ,NSE,NSE,False,False,False,False
3544065,13844,MMFL,MM FORGINGS,0.0,,0.0,0.05,1,EQ,NSE,NSE,False,False,False,False
3547905,13859,VENUSREM,VENUS REMEDIES,0.0,,0.0,0.05,1,EQ,NSE,NSE,False,False,False,False
3550209,13868,AARTIPHARM,AARTI PHARMALABS,0.0,,0.0,0.05,1,EQ,NSE,NSE,False,False,False,False
3550721,13870,KUANTUM,KUANTUM PAPERS,0.0,,0.0,0.01,1,EQ,NSE,NSE,False,False,False,False
3552001,13875,JINDRILL,JINDAL DRILLING IND.,0.0,,0.0,0.05,1,EQ,NSE,NSE,False,False,False,False
3553281,13880,BANCOINDIA,BANCO PRODUCTS (I),0.0,,0.0,0.05,1,EQ,NSE,NSE,False,False,False,False
3555841,13890,HIRECT,HIND RECTIFIER,0.0,,0.0,0.1,1,EQ,NSE,NSE,False,False,False,False
3558401,13900,CREST,CREST VENTURES,0.0,,0.0,0.05,1,EQ,NSE,NSE,False,False,False,False
3563521,13920,PLASTIBLEN,PLASTIBLENDS INDIA,0.0,,0.0,0.01,1,EQ,NSE,NSE,False,False,False,False
3564801,13925,NFL,NATIONAL FERT.,0.0,,0.0,0.01,1,EQ,NSE,NSE,False,False,False,False
3569921,13945,PRAENG-BE,PRAJAY ENG. SYN.,0.0,,0.0,0.01,1,EQ,NSE,NSE,False,False,False,False
3571201,13950,LIQUID1,KOTAKMAMC - KOTAKLIQ,0.0,,0.0,0.01,1,EQ,NSE,NSE,False,False,False,False
3571457,13951,PARACABLES,PARAMOUNT COMM,0.0,,0.0,0.01,1,EQ,NSE,NSE,False,False,False,False
3575297,13966,HBLENGINE,HBL ENGINEERING,0.0,,0.0,0.05,1,EQ,NSE,NSE,False,False,False,False
3577857,13976,TANLA,TANLA PLATFORMS,0.0,,0.0,0.05,1,EQ,NSE,NSE,False,False,False,False
3579137,13981,SGBOCT27-GB,2.50%GOLDBONDS2027SR-V,0.0,,0.0,0.01,1,EQ,NSE,NSE,False,False,False,False
3579393,13982,JASH,JASH ENGINEERING,0.0,,0.0,0.05,1,EQ,NSE,NSE,False,False,False,False
3580673,13987,ABSLBANETF,BIRLASLAMC - ABSLBANETF,0.0,,0.0,0.01,1,EQ,NSE,NSE,False,False,False,False
3584769,14003,ZEEMEDIA,ZEE MEDIA CORPORATION,0.0,,0.0,0.01,1,EQ,NSE,NSE,False,False,False,False
3586049,14008,AVTNPL,AVT NATURAL PRODUCTS,0.0,,0.0,0.01,1,EQ,NSE,NSE,False,False,False,False
3587585,14014,LUMAXTECH,LUMAX AUTO TECH,0.0,,0.0,0.1,1,EQ,NSE,NSE,False,False,False,False
3588865,14019,VEEDOL,VEEDOL CORPORATION,0.0,,0.0,0.1,1,EQ,NSE,NSE,False,False,False,False
3595009,14043,SARLAPOLY,SARLA PERF. FIBERS,0.0,,0.0,0.01,1,EQ,NSE,NSE,False,False,False,False
3597057,14051,726GS2033-GS,GOI LOAN  7.26% 2033,0.0,,0.0,0.01,1,EQ,NSE,NSE,False,False,False,False
3598849,14058,SANGHVIMOV,SANGHVI MOVERS,0.0,,0.0,0.05,1,EQ,NSE,NSE,False,False,False,False
3600129,14063,WANBURY,WANBURY,0.0,,0.0,0.05,1,EQ,NSE,NSE,False,False,False,False
3601409,14068,SAGCEM,SAGAR CEMENTS,0.0,,0.0,0.05,1,EQ,NSE,NSE,False,False,False,False
3601665,14069,ASMS-BE,BARTRONICS INDIA,0.0,,0.0,0.01,1,EQ,NSE,NSE,False,False,False,False
3606017,14086,IGPL,I G PETROCHEMICALS,0.0,,0.0,0.05,1,EQ,NSE,NSE,False,False,False,False
3608577,14096,SIYSIL,SIYARAM SILK MILLS,0.0,,0.0,0.05,1,EQ,NSE,NSE,False,False,False,False
3609857,14101,PTL,PTL ENTERPRISES,0.0,,0.0,0.01,1,EQ,NSE,NSE,False,False,False,False
3611137,14106,AUTOIND,AUTOLINE INDUSTRIES,0.0,,0.0,0.01,1,EQ,NSE,NSE,False,False,False,False
3612417,14111,NETWORK18,NETWORK18 MEDIA & INV,0.0,,0.0,0.01,1,EQ,NSE,NSE,False,False,False,False
3613697,14116,GANDHITUBE,GANDHI SPL. TUBES,0.0,,0.0,0.05,1,EQ,NSE,NSE,False,False,False,False
3616001,14125,OMAXAUTO-BE,OMAX AUTOS,0.0,,0.0,0.01,1,EQ,NSE,NSE,False,False,False,False
3618305,14134,PITTIENG,PITTI ENGINEERING,0.0,,0.0,0.05,1,EQ,NSE,NSE,False,False,False,False
3619585,14139,SBGLP,SURATWWALA BUS GROUP,0.0,,0.0,0.01,1,EQ,NSE,NSE,False,False,False,False
3622401,14150,BTML,BODHI TREE MULTIMEDIA,0.0,,0.0,0.01,1,EQ,NSE,NSE,False,False,False,False
3623425,14154,UNOMINDA,UNO MINDA,0.0,,0.0,0.1,1,EQ,NSE,NSE,False,False,False,False
3629569,14178,IZMO-BE,IZMO,0.0,,0.0,0.05,1,EQ,NSE,NSE,False,False,False,False
3630081,14180,NSLNISP,NMDC STEEL,0.0,,0.0,0.01,1,EQ,NSE,NSE,False,False,False,False
3633665,14194,NINSYS,NINTEC SYSTEMS,0.0,,0.0,0.05,1,EQ,NSE,NSE,False,False,False,False
3634689,14198,TIMKEN,TIMKEN INDIA,0.0,,0.0,0.1,1,EQ,NSE,NSE,False,False,False,False
3635969,14203,HUBTOWN,HUBTOWN,0.0,,0.0,0.05,1,EQ,NSE,NSE,False,False,False,False
3639809,14218,CTE,CAMBRIDGE TECH ENTER,0.0,,0.0,0.01,1,EQ,NSE,NSE,False,False,False,False
3641089,14223,TIIL,TECHNOCRAFT IND,0.0,,0.0,0.1,1,EQ,NSE,NSE,False,False,False,False
3642881,14230,HDFCBSE500,HDFCAMC - HDFCBSE500,0.0,,0.0,0.01,1,EQ,NSE,NSE,False,False,False,False
3643649,14233,HDFCSML250,HDFCAMC - HDFCSML250,0.0,,0.0,0.01,1,EQ,NSE,NSE,False,False,False,False
3644417,14236,HDFCMID150,HDFCAMC - HDFCMID150,0.0,,0.0,0.01,1,EQ,NSE,NSE,False,False,False,False
3646721,14245,TVSSRICHAK,TVS SRICHAKRA,0.0,,0.0,0.1,1,EQ,NSE,NSE,False,False,False,False
3648513,14252,SGBOCT27VI-GB,2.50%GOLDBONDS2027SR-VI,0.0,,0.0,0.01,1,EQ,NSE,NSE,False,False,False,False
3649281,14255,REDINGTON,REDINGTON,0.0,,0.0,0.01,1,EQ,NSE,NSE,False,False,True,False
3650561,14260,PGIL,PEARL GLOBAL IND,0.0,,0.0,0.1,1,EQ,NSE,NSE,False,False,False,False
3655169,14278,ORIENTBELL,ORIENT BELL,0.0,,0.0,0.05,1,EQ,NSE,NSE,False,False,False,False
3657217,14286,GOLDETF,MIRAEAMC - MAGOLDETF,0.0,,0.0,0.01,1,EQ,NSE,NSE,False,False,False,False
3659777,14296,SEQUENT,SEQUENT SCIENTIFIC,0.0,,0.0,0.01,1,EQ,NSE,NSE,False,False,False,False
3660545,14299,PFC,POWER FIN CORP,0.0,,0.0,0.05,1,EQ,NSE,NSE,False,False,False,False
3661825,14304,FSL,FIRSTSOURCE SOLU.,0.0,,0.0,0.05,1,EQ,NSE,NSE,False,False,False,False
3663105,14309,INDIANB,INDIAN BANK,0.0,,0.0,0.05,1,EQ,NSE,NSE,False,False,False,False
3663361,14310,OSWALSEEDS-BE,SHREEOSWAL S AND CHE,0.0,,0.0,0.01,1,EQ,NSE,NSE,False,False,False,False
3664385,14314,TTL,T T,0.0,,0.0,0.01,1,EQ,NSE,NSE,False,False,False,False
3665665,14319,TFL,TRANSWARRANTY FIN.,0.0,,0.0,0.01,1,EQ,NSE,NSE,False,False,False,False
3668225,14329,SMSPHARMA,SMS PHARMACEUTICALS,0.0,,0.0,0.01,1,EQ,NSE,NSE,False,False,False,False
3669505,14334,HSCL,HIMADRI SPECIALITY CHEM L,0.0,,0.0,0.05,1,EQ,NSE,NSE,False,False,True,False
3670785,14339,GANESHHOU,GANESH HOUSING,0.0,,0.0,0.05,1,EQ,NSE,NSE,False,False,False,False
3672577,14346,ORIENTALTL,ORIENTAL TRIMEX,0.0,,0.0,0.01,1,EQ,NSE,NSE,False,False,False,False
3676417,14361,APOLLOPIPE,APOLLO PIPES,0.0,,0.0,0.05,1,EQ,NSE,NSE,False,False,False,False
3677697,14366,IDEA,VODAFONE IDEA,0.0,,0.0,0.01,1,EQ,NSE,NSE,False,False,False,False
3682561,14385,POCL,PONDY OXIDES & CHEM,0.0,,0.0,0.1,1,EQ,NSE,NSE,False,False,False,False
3685889,14398,AMDIND,AMD INDUSTRIES,0.0,,0.0,0.01,1,EQ,NSE,NSE,False,False,False,False
3687169,14403,RAJTV,RAJ TV NETWORK,0.0,,0.0,0.01,1,EQ,NSE,NSE,False,False,False,False
3689729,14413,PAGEIND,PAGE INDUSTRIES,0.0,,0.0,5.0,1,EQ,NSE,NSE,False,False,False,False
3691009,14418,ASTRAL,ASTRAL,0.0,,0.0,0.1,1,EQ,NSE,NSE,False,False,False,False
3692289,14423,LAOPALA,LA OPALA RG,0.0,,0.0,0.01,1,EQ,NSE,NSE,False,False,False,False
3693569,14428,GOLDBEES,NIP IND ETF GOLD BEES,0.0,,0.0,0.01,1,EQ,NSE,NSE,False,False,False,False
3695361,14435,JKTYRE,JK TYRE & INDUSTRIES,0.0,,0.0,0.05,1,EQ,NSE,NSE,False,False,False,False
3696641,14440,NAHARSPING,NAHAR SPINNING MILLS,0.0,,0.0,0.01,1,EQ,NSE,NSE,False,False,False,False
3697921,14445,NAHARPOLY,NAHAR POLY FILMS,0.0,,0.0,0.05,1,EQ,NSE,NSE,False,False,False,False
3699201,14450,EMBDL,EMBASSY DEVELOPMENTS,0.0,,0.0,0.01,1,EQ,NSE,NSE,False,False,False,False
3701505,14459,LEXUS,LEXUS GRANITO (INDIA),0.0,,0.0,0.01,1,EQ,NSE,NSE,False,False,False,False
3706625,14479,DIVGIITTS,DIVGI TORQTRANSFER SYST L,0.0,,0.0,0.05,1,EQ,NSE,NSE,False,False,False,False
3706881,14480,GOKULAGRO,GOKUL AGRO RESOURCES,0.0,,0.0,0.05,1,EQ,NSE,NSE,False,False,False,False
3708161,14485,THEMISMED,THEMIS MEDICARE,0.0,,0.0,0.01,1,EQ,NSE,NSE,False,False,False,False
3709441,14490,NCLIND,NCL INDUSTRIES,0.0,,0.0,0.01,1,EQ,NSE,NSE,False,False,False,False
3712257,14501,BALAMINES,BALAJI AMINES,0.0,,0.0,0.1,1,EQ,NSE,NSE,False,False,False,False
3714817,14511,BANSWRAS,BANSWARA SYNTEX,0.0,,0.0,0.01,1,EQ,NSE,NSE,False,False,False,False
3716609,14518,ABSLLIQUID,BIRLASLAMC - ABSLLIQUID,0.0,,0.0,0.01,1,EQ,NSE,NSE,False,False,False,False
3717889,14523,ICRA,ICRA,0.0,,0.0,0.5,1,EQ,NSE,NSE,False,False,False,False
3720961,14535,GOLDSHARE,UTI GOLD ETF,0.0,,0.0,0.05,1,EQ,NSE,NSE,False,False,False,False
3721473,14537,DISHTV,DISH TV INDIA,0.0,,0.0,0.01,1,EQ,NSE,NSE,False,False,False,False
3724801,14550,NDLVENTURE-BE,NDL VENTURES,0.0,,0.0,0.01,1,EQ,NSE,NSE,False,False,False,False
3725313,14552,PHOENIXLTD,THE PHOENIX MILLS,0.0,,0.0,0.1,1,EQ,NSE,NSE,False,False,False,True
3726593,14557,AROGRANITE,ARO GRANITE IND.,0.0,,0.0,0.01,1,EQ,NSE,NSE,False,False,False,False
3727873,14562,ZENITHSTL,ZENITH STEEL PIP IND,0.0,,0.0,0.01,1,EQ,NSE,NSE,False,False,False,False
3729153,14567,BFUTILITIE,BF UTILITIES,0.0,,0.0,0.05,1,EQ,NSE,NSE,False,False,False,False
3732993,14582,SRHHYPOLTD,SREE RAYALSEEMA HHP,0.0,,0.0,0.05,1,EQ,NSE,NSE,False,False,False,False
3733505,14584,PSUBNKIETF,ICICIPRAMC - PSUBANKICI,0.0,,0.0,0.01,1,EQ,NSE,NSE,False,False,False,False
3735553,14592,FORTIS,FORTIS HEALTHCARE,0.0,,0.0,0.05,1,EQ,NSE,NSE,False,False,False,True
3736833,14597,ALPHAGEO,ALPHAGEO (INDIA),0.0,,0.0,0.01,1,EQ,NSE,NSE,False,False,False,False
3737089,14598,SGBMAR31IV-GB,2.50%GOLDBONDS2031SR-IV,0.0,,0.0,0.01,1,EQ,NSE,NSE,False,False,False,False
3737345,14599,GSLSU,GLOBAL SURFACES,0.0,,0.0,0.01,1,EQ,NSE,NSE,False,False,False,False
3738113,14602,WEBELSOLAR,WEBSOL ENERGY SYSTEM,0.0,,0.0,0.1,1,EQ,NSE,NSE,False,False,False,False
3739393,14607,TGBHOTELS,TGB BANQUETS&HOTELS,0.0,,0.0,0.01,1,EQ,NSE,NSE,False,False,False,False
3741697,14616,SIMBHALS-BE,SIMBHAOLI SUGARS,0.0,,0.0,0.01,1,EQ,NSE,NSE,False,False,False,False
3742209,14618,CHEMBOND,CHEMBOND MATERIALTECH,0.0,,0.0,0.01,1,EQ,NSE,NSE,False,False,False,False
3744513,14627,HILTON,HILTON METAL FORGING,0.0,,0.0,0.01,1,EQ,NSE,NSE,False,False,False,False
3744769,14628,FSC-BZ,FUTURE SUPP CHAIN SOL,0.0,,0.0,0.01,1,EQ,NSE,NSE,False,False,False,False
3745281,14630,SANCO-BZ,SANCO INDUSTRIES,0.0,,0.0,0.01,1,EQ,NSE,NSE,False,False,False,False
3752193,14657,INSECTICID,INSECTICIDES (I),0.0,,0.0,0.05,1,EQ,NSE,NSE,False,False,False,False
3754753,14667,KMSUGAR,K M SUGAR MILLS,0.0,,0.0,0.01,1,EQ,NSE,NSE,False,False,False,False
3756033,14672,NAVINFLUOR,NAVIN FLUORINE INT.,0.0,,0.0,0.1,1,EQ,NSE,NSE,False,False,True,False
3758337,14681,GUJAPOLLO-BE,GUJ. APOLLO IND.,0.0,,0.0,0.05,1,EQ,NSE,NSE,False,False,False,False
3759873,14687,GOACARBON,GOA CARBON,0.0,,0.0,0.05,1,EQ,NSE,NSE,False,False,False,False
3763713,14702,NAGREEKEXP,NAGREEKA EXPORTS,0.0,,0.0,0.01,1,EQ,NSE,NSE,False,False,False,False
3764993,14707,TIMETECHNO,TIME TECHNOPLAST,0.0,,0.0,0.05,1,EQ,NSE,NSE,False,False,False,False
3766273,14712,HGS,HINDUJA GLOBAL SOLS.,0.0,,0.0,0.05,1,EQ,NSE,NSE,False,False,False,False
3771393,14732,DLF,DLF,0.0,,0.0,0.05,1,EQ,NSE,NSE,False,False,False,False
3773185,14739,TECILCHEM-BE,TECIL CHEMICALS,0.0,,0.0,0.01,1,EQ,NSE,NSE,False,False,False,False
3773953,14742,AXSENSEX,AXISAMC - AXSENSEX,0.0,,0.0,0.01,1,EQ,NSE,NSE,False,False,False,False
3774721,14745,ADVANIHOTR,ADVANI HOT.& RES.(I),0.0,,0.0,0.01,1,EQ,NSE,NSE,False,False,False,False
3777793,14757,WINSOME-BZ,WINSOME YARNS,0.0,,0.0,0.01,1,EQ,NSE,NSE,False,False,False,False
3778817,14761,NELCAST,NELCAST,0.0,,0.0,0.01,1,EQ,NSE,NSE,False,False,False,False
3780097,14766,V2RETAIL,V2 RETAIL,0.0,,0.0,0.1,1,EQ,NSE,NSE,False,False,False,False
3781377,14771,TARMAT,TARMAT,0.0,,0.0,0.01,1,EQ,NSE,NSE,False,False,False,False
3785217,14786,LOWVOL,MIRAEAMC - MANV30F,0.0,,0.0,0.01,1,EQ,NSE,NSE,False,False,False,False
3785729,14788,SPARC,SUN PHARMA ADV.RES.CO.LTD,0.0,,0.0,0.01,1,EQ,NSE,NSE,False,False,False,False
3787009,14793,MEGASOFT,MEGASOFT,0.0,,0.0,0.01,1,EQ,NSE,NSE,False,False,False,False
3792129,14813,ADSL,ALLIED DIGITAL SERV.,0.0,,0.0,0.01,1,EQ,NSE,NSE,False,False,False,False
3795969,14828,WSI,W.S.INDUSTRIES (I),0.0,,0.0,0.01,1,EQ,NSE,NSE,False,False,False,False
3798529,14838,DECCANCE,DECCAN CEMENTS,0.0,,0.0,0.1,1,EQ,NSE,NSE,False,False,False,False
3799809,14843,VIPCLOTHNG,VIP CLOTHING,0.0,,0.0,0.01,1,EQ,NSE,NSE,False,False,False,False
3801089,14848,ALPA,ALPA LABORATORIES,0.0,,0.0,0.01,1,EQ,NSE,NSE,False,False,False,False
3802369,14853,OMAXE,OMAXE,0.0,,0.0,0.01,1,EQ,NSE,NSE,False,False,False,False
3803649,14858,GOLD1,KOTAK GOLD ETF,0.0,,0.0,0.01,1,EQ,NSE,NSE,False,False,False,False
3806209,14868,FLFL-BZ,FUT LIFESTYLE FASH,0.0,,0.0,0.01,1,EQ,NSE,NSE,False,False,False,False
3806977,14871,USK,UDAYSHIVAKUMAR INFRA,0.0,,0.0,0.01,1,EQ,NSE,NSE,False,False,False,False
3811585,14889,ASIANTILES,ASIAN GRANITO IND.,0.0,,0.0,0.01,1,EQ,NSE,NSE,False,False,False,False
3812865,14894,CENTRALBK,CENTRAL BANK OF INDIA,0.0,,0.0,0.01,1,EQ,NSE,NSE,False,False,False,False
3813121,14895,AKI-BE,AKI INDIA,0.0,,0.0,0.01,1,EQ,NSE,NSE,False,False,False,False
3814401,14900,SAHYADRI,SAHYADRI INDUSTRIES,0.0,,0.0,0.01,1,EQ,NSE,NSE,False,False,False,False
3816449,14908,KDDL,KDDL,0.0,,0.0,0.1,1,EQ,NSE,NSE,False,False,False,False
3817473,14912,KPRMILL,KPR MILL,0.0,,0.0,0.05,1,EQ,NSE,NSE,False,False,False,False
3818753,14917,TAKE,TAKE SOLUTIONS,0.0,,0.0,0.01,1,EQ,NSE,NSE,False,False,False,False
3820033,14922,PURVA,PURAVANKARA,0.0,,0.0,0.05,1,EQ,NSE,NSE,False,False,False,False
3820545,14924,LAL,LORENZINI APPARELS,0.0,,0.0,0.01,1,EQ,NSE,NSE,False,False,False,False
3823873,14937,CIEINDIA,CIE AUTOMOTIVE INDIA,0.0,,0.0,0.05,1,EQ,NSE,NSE,False,False,False,False
3824129,14938,GSEC10YEAR,MIRAEAMC - MAGS813ETF,0.0,,0.0,0.01,1,EQ,NSE,NSE,False,False,False,False
3825153,14942,NAGREEKCAP,NAGREEKA CAP & INFR.LTD,0.0,,0.0,0.01,1,EQ,NSE,NSE,False,False,False,False
3826433,14947,MOTILALOFS,MOTILAL OSWAL FIN,0.0,,0.0,0.05,1,EQ,NSE,NSE,False,False,False,False
3827713,14952,INDOWIND,INDOWIND ENERGY,0.0,,0.0,0.01,1,EQ,NSE,NSE,False,False,False,False
3828993,14957,MAGNUM,MAGNUM VENTURES,0.0,,0.0,0.01,1,EQ,NSE,NSE,False,False,False,False
3831297,14966,CSBBANK,CSB BANK,0.0,,0.0,0.05,1,EQ,NSE,NSE,False,False,False,False
3832321,14970,706GS2028-GS,GOI LOAN  7.06% 2028,0.0,,0.0,0.01,1,EQ,NSE,NSE,False,False,False,False
3832577,14971,710GR2028-GS,GOI LOAN  7.10% 2028,0.0,,0.0,0.01,1,EQ,NSE,NSE,False,False,False,False
3832833,14972,KSCL,KAVERI SEED CO.,0.0,,0.0,0.1,1,EQ,NSE,NSE,False,False,False,False
3833089,14973,729GR2033-GS,GOI LOAN  7.29% 2033,0.0,,0.0,0.01,1,EQ,NSE,NSE,False,False,False,False
3834113,14977,POWERGRID,POWER GRID CORP.,0.0,,0.0,0.05,1,EQ,NSE,NSE,True,False,False,False
3835393,14982,CENTUM,CENTUM ELECTRONICS,0.0,,0.0,0.1,1,EQ,NSE,NSE,False,False,False,False
3837953,14992,CCCL,CONS. CONST. CONSORT,0.0,,0.0,0.01,1,EQ,NSE,NSE,False,False,False,False
3841793,15007,MANGCHEFER,MANG.CHEM.FERT.LTD,0.0,,0.0,0.05,1,EQ,NSE,NSE,False,False,False,False
3844353,15017,MAANALU,MAAN ALUMINIUM,0.0,,0.0,0.01,1,EQ,NSE,NSE,False,False,False,False
3848193,15032,PSUBNKBEES,NIP IND ETF PSU BANK BEES,0.0,,0.0,0.01,1,EQ,NSE,NSE,False,False,False,False
3848705,15034,BAJAJELEC,BAJAJ ELECT.LTD,0.0,,0.0,0.05,1,EQ,NSE,NSE,False,False,False,False
3849985,15039,CERA,CERA SANITARYWARE,0.0,,0.0,0.5,1,EQ,NSE,NSE,False,False,False,False
3851265,15044,DELTACORP,DELTA CORP,0.0,,0.0,0.01,1,EQ,NSE,NSE,False,False,False,False
3851777,15046,699GS2026-GS,GOI LOAN  6.99% 2026,0.0,,0.0,0.01,1,EQ,NSE,NSE,False,False,False,False
3852545,15049,ENERGYDEV,ENERGY DEVE. CO.LTD,0.0,,0.0,0.01,1,EQ,NSE,NSE,False,False,False,False
3852801,15050,717GS2030-GS,GOI LOAN  7.17% 2030,0.0,,0.0,0.01,1,EQ,NSE,NSE,False,False,False,False
3854849,15058,AVALON,AVALON TECHNOLOGIES,0.0,,0.0,0.05,1,EQ,NSE,NSE,False,False,False,False
3855617,15061,PSUBANK,KOTAK PSU BANK,0.0,,0.0,0.01,1,EQ,NSE,NSE,False,False,False,False
3857153,15067,BLAL,BEML LAND ASSETS,0.0,,0.0,0.01,1,EQ,NSE,NSE,False,False,False,False
3857409,15068,RELIGARE,RELIGARE ENTER.,0.0,,0.0,0.01,1,EQ,NSE,NSE,False,False,False,False
3859713,15077,BVCL-BE,BARAK VALLEY CEM.,0.0,,0.0,0.01,1,EQ,NSE,NSE,False,False,False,False
3860993,15082,RADIOCITY-P1,MUSIC BROADCAST,0.0,,0.0,0.05,1,EQ,NSE,NSE,False,False,False,False
3861249,15083,ADANIPORTS,ADANI PORT & SEZ,0.0,,0.0,0.1,1,EQ,NSE,NSE,True,False,False,False
3861761,15085,SILVERETF,UTIAMC - SILVERETF,0.0,,0.0,0.01,1,EQ,NSE,NSE,False,False,False,False
3870465,15119,EDELWEISS,EDELWEISS FIN SERV,0.0,,0.0,0.01,1,EQ,NSE,NSE,False,False,False,False
3871745,15124,KOLTEPATIL,KOLTE PATIL DEV.,0.0,,0.0,0.05,1,EQ,NSE,NSE,False,False,False,False
3872257,15126,SVLL-BE,SHREE VASU LOGISTICS,0.0,,0.0,0.05,1,EQ,NSE,NSE,False,False,False,False
3873025,15129,RGL,RENAISSANCE GLOBAL,0.0,,0.0,0.01,1,EQ,NSE,NSE,False,False,False,False
3875841,15140,KAUSHALYA-BE,KAUSHALYA INFRA DEV,0.0,,0.0,0.1,1,EQ,NSE,NSE,False,False,False,False
3876097,15141,COLPAL,COLGATE PALMOLIVE,0.0,,0.0,0.1,1,EQ,NSE,NSE,False,False,False,False
3877377,15146,JYOTHYLAB,JYOTHY LABS,0.0,,0.0,0.05,1,EQ,NSE,NSE,False,False,False,False
3878657,15151,MADHAV,MADHAV MARBLE & GRANITE,0.0,,0.0,0.01,1,EQ,NSE,NSE,False,False,False,False
3879937,15156,KALYANIFRG,KALYANI FORGE,0.0,,0.0,0.05,1,EQ,NSE,NSE,False,False,False,False
3880193,15157,RHL,ROBUST HOTELS,0.0,,0.0,0.05,1,EQ,NSE,NSE,False,False,False,False
3881217,15161,HITECHCORP,HITECH CORPORATION,0.0,,0.0,0.01,1,EQ,NSE,NSE,False,False,False,False
3884545,15174,TARIL,TRANS & RECTI.,0.0,,0.0,0.05,1,EQ,NSE,NSE,False,False,False,False
3885825,15179,ECLERX,ECLERX SERVICES,0.0,,0.0,0.1,1,EQ,NSE,NSE,False,False,False,False
3886081,15180,KIRLPNU,KIRLOSKAR PNEUMATIC COM L,0.0,,0.0,0.1,1,EQ,NSE,NSE,False,False,False,False
3887105,15184,BRIGADE,BRIGADE ENTER.,0.0,,0.0,0.05,1,EQ,NSE,NSE,False,False,False,False
3889409,15193,BGRENERGY-BE,BGR ENERGY SYSTEMS,0.0,,0.0,0.01,1,EQ,NSE,NSE,False,False,False,False
3890945,15199,MANAKSIA,MANAKSIA,0.0,,0.0,0.01,1,EQ,NSE,NSE,False,False,False,False
3892225,15204,ARIES,ARIES AGRO,0.0,,0.0,0.05,1,EQ,NSE,NSE,False,False,False,False
3894529,15213,PPAP-BE,PPAP AUTOMOTIVE,0.0,,0.0,0.01,1,EQ,NSE,NSE,False,False,False,False
3894785,15214,DVL,DHUNSERI VENTURES,0.0,,0.0,0.05,1,EQ,NSE,NSE,False,False,False,False
3896065,15219,PATINTLOG,PATEL INT. LOG.,0.0,,0.0,0.01,1,EQ,NSE,NSE,False,False,False,False
3898369,15228,UJJIVANSFB,UJJIVAN SMALL FINANC BANK,0.0,,0.0,0.01,1,EQ,NSE,NSE,False,False,False,False
3898625,15229,LICNFNHGP,LICNAMC - LICNFNHGP,0.0,,0.0,0.01,1,EQ,NSE,NSE,False,False,False,False
3899905,15234,AMBIKCO,AMBIKA COTTON MILL,0.0,,0.0,0.1,1,EQ,NSE,NSE,False,False,False,False
3901185,15239,BIRLAMONEY,ADITYA BIRLA MONEY,0.0,,0.0,0.01,1,EQ,NSE,NSE,False,False,False,False
3903489,15248,KAVDEFENCE-BE,KAVVERI DFS & WIR TEC,0.0,,0.0,0.01,1,EQ,NSE,NSE,False,False,False,False
3905025,15254,CEATLTD,CEAT,0.0,,0.0,0.1,1,EQ,NSE,NSE,False,False,False,False
3906305,15259,RPOWER,RELIANCE POWER,0.0,,0.0,0.01,1,EQ,NSE,NSE,False,False,False,False
3908097,15266,JKIL,JKUMAR INFR.LTD.,0.0,,0.0,0.05,1,EQ,NSE,NSE,False,False,False,False
3909377,15271,CORDSCABLE,CORDS CABLE INDUS,0.0,,0.0,0.01,1,EQ,NSE,NSE,False,False,False,False
3911169,15278,ONMOBILE,ONMOBILE GLOBAL,0.0,,0.0,0.01,1,EQ,NSE,NSE,False,False,False,False
3912449,15283,KNRCON,KNR CONSTRU,0.0,,0.0,0.01,1,EQ,NSE,NSE,False,False,False,False
3913729,15288,HERCULES,HERCULES HOI.,0.0,,0.0,0.01,1,EQ,NSE,NSE,False,False,False,False
3917569,15303,BANG,BANG OVERSEAS,0.0,,0.0,0.01,1,EQ,NSE,NSE,False,False,False,False
3917825,15304,VIRINCHI-BE,VIRINCHI,0.0,,0.0,0.01,1,EQ,NSE,NSE,False,False,False,False
3918849,15308,SEPC,SEPC,0.0,,0.0,0.01,1,EQ,NSE,NSE,False,False,False,False
3920129,15313,IRB,IRB INFRA DEV,0.0,,0.0,0.01,1,EQ,NSE,NSE,False,False,False,False
3924481,15330,QGOLDHALF,QUANTUM GOLD FUND,0.0,,0.0,0.01,1,EQ,NSE,NSE,False,False,False,False
3924993,15332,NMDC,NMDC,0.0,,0.0,0.01,1,EQ,NSE,NSE,False,False,False,True
3926273,15337,RAIN,RAIN INDUSTRIES,0.0,,0.0,0.01,1,EQ,NSE,NSE,False,False,False,False
3927553,15342,SHALPAINTS,SHALIM PAINTS,0.0,,0.0,0.01,1,EQ,NSE,NSE,False,False,False,False
3928833,15347,GSS,GSS INFOTECH,0.0,,0.0,0.01,1,EQ,NSE,NSE,False,False,False,False
3929345,15349,SADHNANIQ-BE,SADHANA NITROCHEM,0.0,,0.0,0.01,1,EQ,NSE,NSE,False,False,False,False
3930881,15355,RECLTD,REC,0.0,,0.0,0.05,1,EQ,NSE,NSE,False,False,False,True
3931137,15356,GOLDETFADD,DSPAMC - DSPGOLDETF,0.0,,0.0,0.01,1,EQ,NSE,NSE,False,False,False,False
3931393,15357,NAHARCAP-BE,NAHAR CAP & FIN.,0.0,,0.0,0.05,1,EQ,NSE,NSE,False,False,False,False
3932673,15362,VGUARD,V-GUARD IND,0.0,,0.0,0.05,1,EQ,NSE,NSE,False,False,False,False
3936513,15377,PDMJEPAPER,PUDUMJEE PAPER PRO.,0.0,,0.0,0.01,1,EQ,NSE,NSE,False,False,False,False
3937281,15380,MANKIND,MANKIND PHARMA,0.0,,0.0,0.1,1,EQ,NSE,NSE,False,False,False,True
3938305,15384,DHANI,DHANI SERVICES,0.0,,0.0,0.01,1,EQ,NSE,NSE,False,False,False,False
3940097,15391,RACE,RACE ECO CHAIN,0.0,,0.0,0.01,1,EQ,NSE,NSE,False,False,False,False
3942145,15399,EIHAHOTELS,EIH ASSOCIATED HOTELS - OBEROI HOTELS,0.0,,0.0,0.05,1,EQ,NSE,NSE,False,False,False,False
3943425,15404,ATAM,ATAM VALVES,0.0,,0.0,0.01,1,EQ,NSE,NSE,False,False,False,False
3944705,15409,NESCO,NESCO,0.0,,0.0,0.1,1,EQ,NSE,NSE,False,False,False,False
3945985,15414,TITAGARH,TITAGARH RAIL SYSTEMS,0.0,,0.0,0.05,1,EQ,NSE,NSE,False,False,False,False
3947265,15419,DPSCLTD,DPSC,0.0,,0.0,0.01,1,EQ,NSE,NSE,False,False,False,False
3950337,15431,ACL-BE,ANDHRA CEMENTS,0.0,,0.0,0.01,1,EQ,NSE,NSE,False,False,False,False
3950593,15432,SGBDC27VII-GB,2.50%GOLDBONDS2027SR-VII,0.0,,0.0,0.01,1,EQ,NSE,NSE,False,False,False,False
3982081,15555,HCG,HEALTHCARE GLOB. ENT.,0.0,,0.0,0.05,1,EQ,NSE,NSE,False,False,False,False
3990785,15589,AVG,AVG LOGISTICS,0.0,,0.0,0.01,1,EQ,NSE,NSE,False,False,False,False
4006145,15649,ATALREAL,ATAL REALTECH,0.0,,0.0,0.01,1,EQ,NSE,NSE,False,False,False,False
4026881,15730,PIGL-BE,POWER INSTRUMENT (G),0.0,,0.0,0.01,1,EQ,NSE,NSE,False,False,False,False
4048641,15815,NXST-RR,NEXUS SELECT TRUST,0.0,,0.0,0.01,1,EQ,NSE,NSE,False,False,False,False
4055041,15840,LATTEYS,LATTEYS INDUSTRIES,0.0,,0.0,0.01,1,EQ,NSE,NSE,False,False,False,False
4066049,15883,HINDWAREAP,HINDWARE HME INOVATON,0.0,,0.0,0.05,1,EQ,NSE,NSE,False,False,False,False
4107521,16045,PRINCEPIPE,PRINCE PIPES FITTINGS,0.0,,0.0,0.05,1,EQ,NSE,NSE,False,False,False,False
4127489,16123,BHARATWIRE,BHARAT WIRE ROPES,0.0,,0.0,0.01,1,EQ,NSE,NSE,False,False,False,False
4145153,16192,PAVNAIND,PAVNA INDUSTRIES,0.0,,0.0,0.05,1,EQ,NSE,NSE,False,False,False,False
4159745,16249,INFIBEAM,INFIBEAM AVENUES,0.0,,0.0,0.01,1,EQ,NSE,NSE,False,False,False,False
4160769,16253,EBBETF0430,EDELAMC - EBBETF0430,0.0,,0.0,0.01,1,EQ,NSE,NSE,False,False,False,False
4170753,16292,PANACHE,PANACHE DIGILIFE,0.0,,0.0,0.01,1,EQ,NSE,NSE,False,False,False,False
4197121,16395,MMP,MMP INDUSTRIES,0.0,,0.0,0.05,1,EQ,NSE,NSE,False,False,False,False
4246785,16589,VAISHALI,VAISHALI PHARMA,0.0,,0.0,0.01,1,EQ,NSE,NSE,False,False,False,False
4259585,16639,KIRIINDUS,KIRI INDUSTRIES,0.0,,0.0,0.05,1,EQ,NSE,NSE,False,False,False,False
4264193,16657,ANIKINDS,ANIK INDUSTRIES,0.0,,0.0,0.01,1,EQ,NSE,NSE,False,False,False,False
4264449,16658,SIGMA,SIGMA SOLVE,0.0,,0.0,0.05,1,EQ,NSE,NSE,False,False,False,False
4267265,16669,BAJAJ-AUTO,BAJAJ AUTO,0.0,,0.0,0.5,1,EQ,NSE,NSE,True,False,False,False
4268801,16675,BAJAJFINSV,BAJAJ FINSERV,0.0,,0.0,0.1,1,EQ,NSE,NSE,True,False,False,False
4270593,16682,PTCIL,PTC INDUSTRIES,0.0,,0.0,1.0,1,EQ,NSE,NSE,False,False,False,False
4271873,16687,DIGISPICE-BE,DIGISPICE TECHNOLOGIES LT,0.0,,0.0,0.01,1,EQ,NSE,NSE,False,False,False,False
4274177,16696,GHCLTEXTIL,GHCL TEXTILES,0.0,,0.0,0.01,1,EQ,NSE,NSE,False,False,False,False
4276481,16705,GOKUL,GOKUL REFOILS & SOLV,0.0,,0.0,0.01,1,EQ,NSE,NSE,False,False,False,False
4278529,16713,UBL,UNITED BREWERIES,0.0,,0.0,0.1,1,EQ,NSE,NSE,False,False,False,False
4280065,16719,ALMONDZ,ALMONDZ GLOBAL SEC,0.0,,0.0,0.01,1,EQ,NSE,NSE,False,False,False,False
4281601,16725,RPGLIFE,RPG LIFE SCIENCES,0.0,,0.0,0.1,1,EQ,NSE,NSE,False,False,False,False
4283649,16733,725GS2063-GS,GOI LOAN  7.25% 2063,0.0,,0.0,0.01,1,EQ,NSE,NSE,False,False,False,False
4284417,16736,MKPL,M K PROTEINS,0.0,,0.0,0.01,1,EQ,NSE,NSE,False,False,False,False
4294913,16777,SILVERAG,MIRAEAMC - MASILVER,0.0,,0.0,0.01,1,EQ,NSE,NSE,False,False,False,False
4296449,16783,GVT&D,GE VERNOVA T&D INDIA,0.0,,0.0,0.1,1,EQ,NSE,NSE,False,False,False,True
4299521,16795,ARCHIDPLY,ARCHIDPLY IND.,0.0,,0.0,0.01,1,EQ,NSE,NSE,False,False,False,False
4303617,16811,LOTUSEYE-BE,LOTUS EYE HOSP & INST L,0.0,,0.0,0.01,1,EQ,NSE,NSE,False,False,False,False
4305665,16819,QNIFTY,QUANTUM NIFTY 50 ETF,0.0,,0.0,0.01,1,EQ,NSE,NSE,False,False,False,False
4306177,16821,VINYLINDIA,VINYL CHEMICALS (I),0.0,,0.0,0.05,1,EQ,NSE,NSE,False,False,False,False
4306433,16822,IKIO,IKIO TECHNOLOGIES,0.0,,0.0,0.01,1,EQ,NSE,NSE,False,False,False,False
4307713,16827,KOKUYOCMLN,KOKUYO CAMLIN,0.0,,0.0,0.01,1,EQ,NSE,NSE,False,False,False,False
4315905,16859,SINDHUTRAD,SINDHU TRADE LINKS,0.0,,0.0,0.01,1,EQ,NSE,NSE,False,False,False,False
4316929,16863,LPDC,LANDMARK PR.DEV.CO.LTD,0.0,,0.0,0.01,1,EQ,NSE,NSE,False,False,False,False
4317441,16865,73GS2053-GS,GOI LOAN  7.3% 2053,0.0,,0.0,0.01,1,EQ,NSE,NSE,False,False,False,False
4326401,16900,DPWIRES,D P WIRES,0.0,,0.0,0.01,1,EQ,NSE,NSE,False,False,False,False
4328449,16908,TOUCHWOOD,TOUCHWOOD ENTERTAIN,0.0,,0.0,0.01,1,EQ,NSE,NSE,False,False,False,False
4329729,16913,ARTEMISMED,ARTEMIS MED SERVICE,0.0,,0.0,0.01,1,EQ,NSE,NSE,False,False,False,False
4330241,16915,ZFCVINDIA,ZF COM VE CTR SYS IND,0.0,,0.0,1.0,1,EQ,NSE,NSE,False,False,False,False
4331777,16921,20MICRONS,20 MICRONS,0.0,,0.0,0.01,1,EQ,NSE,NSE,False,False,False,False
4333313,16927,JOCIL,JOCIL,0.0,,0.0,0.01,1,EQ,NSE,NSE,False,False,False,False
4334849,16933,INDBANK,INDBANK MERCH BANK,0.0,,0.0,0.01,1,EQ,NSE,NSE,False,False,False,False
4337409,16943,ASHOKAMET,ASHOKA METCAST,0.0,,0.0,0.01,1,EQ,NSE,NSE,False,False,False,False
4341505,16959,ALKALI,ALKALI METALS,0.0,,0.0,0.01,1,EQ,NSE,NSE,False,False,False,False
4348417,16986,COUNCODOS,COUNTRY CONDO S,0.0,,0.0,0.01,1,EQ,NSE,NSE,False,False,False,False
4350977,16996,TPHQ,TEAMO PRODUCTIONS HQ,0.0,,0.0,0.01,1,EQ,NSE,NSE,False,False,False,False
4355073,17012,GENSOL-BE,GENSOL ENGINEERING,0.0,,0.0,0.01,1,EQ,NSE,NSE,False,False,False,False
4357633,17022,MAWANASUG,MAWANA SUGARS,0.0,,0.0,0.01,1,EQ,NSE,NSE,False,False,False,False
4359425,17029,PATANJALI,PATANJALI FOODS,0.0,,0.0,0.1,1,EQ,NSE,NSE,False,False,False,False
4360193,17032,THYROCARE,THYROCARE TECH,0.0,,0.0,0.1,1,EQ,NSE,NSE,False,False,False,False
4363265,17044,SHARIABEES,NIP IND ETF SHARIAH BEES,0.0,,0.0,0.01,1,EQ,NSE,NSE,False,False,False,False
4365569,17053,HMAAGRO,HMA AGRO INDUSTRIES,0.0,,0.0,0.01,1,EQ,NSE,NSE,False,False,False,False
4367873,17062,PALREDTEC,PALRED TECHNOLOGIES,0.0,,0.0,0.01,1,EQ,NSE,NSE,False,False,False,False
4370177,17071,URAVIDEF,URAVI DEFENCE &TECH,0.0,,0.0,0.05,1,EQ,NSE,NSE,False,False,False,False
4376065,17094,CROMPTON,CROMPT GREA CON ELEC,0.0,,0.0,0.05,1,EQ,NSE,NSE,False,False,True,False
4378881,17105,SUMICHEM,SUMITOMO CHEM INDIA,0.0,,0.0,0.05,1,EQ,NSE,NSE,False,False,False,False
4380161,17110,SGBJ28VIII-GB,2.50%GOLDBONDS2028SR-VIII,0.0,,0.0,0.01,1,EQ,NSE,NSE,False,False,False,False
4385281,17130,PARAGMILK,PARAG MILK FOODS,0.0,,0.0,0.01,1,EQ,NSE,NSE,False,False,False,False
4387841,17140,IDEAFORGE,IDEAFORGE TECHNO,0.0,,0.0,0.05,1,EQ,NSE,NSE,False,False,False,False
4389121,17145,AARTECH,AARTECH SOLONICS,0.0,,0.0,0.01,1,EQ,NSE,NSE,False,False,False,False
4390913,17152,MIDCAPIETF,ICICIPRAMC - ICICIM150,0.0,,0.0,0.01,1,EQ,NSE,NSE,False,False,False,False
4398337,17181,NEXT50,MIRAEAMC - MANXT50,0.0,,0.0,0.01,1,EQ,NSE,NSE,False,False,False,False
4399617,17186,SHRIPISTON,SHRIRAM PIST. & RING,0.0,,0.0,0.1,1,EQ,NSE,NSE,False,False,False,False
4399873,17187,CYIENTDLM,CYIENT DLM,0.0,,0.0,0.05,1,EQ,NSE,NSE,False,False,False,False
4402433,17197,PAKKA,PAKKA,0.0,,0.0,0.01,1,EQ,NSE,NSE,False,False,False,False
4403713,17202,SGBJUN31I-GB,2.50%GOLDBONDS2031SR-I,0.0,,0.0,0.01,1,EQ,NSE,NSE,False,False,False,False
4404993,17207,ITETFADD,DSPAMC - DSPITETF,0.0,,0.0,0.01,1,EQ,NSE,NSE,False,False,False,False
4417537,17256,ALBERTDAVD,ALBERT DAVID,0.0,,0.0,0.05,1,EQ,NSE,NSE,False,False,False,False
4419329,17263,ARMANFIN,ARMAN FIN SERV,0.0,,0.0,0.1,1,EQ,NSE,NSE,False,False,False,False
4421121,17270,ASPINWALL,ASPINWALL & CO,0.0,,0.0,0.05,1,EQ,NSE,NSE,False,False,False,False
4421377,17271,SENCO,SENCO GOLD,0.0,,0.0,0.05,1,EQ,NSE,NSE,False,False,False,False
4421633,17272,SETFGOLD,SBI-ETF GOLD,0.0,,0.0,0.01,1,EQ,NSE,NSE,False,False,False,False
4423425,17279,BLS,BLS INTL SERVS,0.0,,0.0,0.05,1,EQ,NSE,NSE,False,False,False,False
4427521,17295,NAGAFERT,NAGARJUN FERT AND CHE,0.0,,0.0,0.01,1,EQ,NSE,NSE,False,False,False,False
4430593,17307,AJMERA,AJMERA REALTY & INF I,0.0,,0.0,0.05,1,EQ,NSE,NSE,False,False,False,False
4432129,17313,LLOYDSME,LLOYDS METALS N ENERGY L,0.0,,0.0,0.1,1,EQ,NSE,NSE,False,False,False,False
4437249,17333,MHRIL,MAHINDRA HOLIDAYS,0.0,,0.0,0.05,1,EQ,NSE,NSE,False,False,False,False
4441857,17351,SALONA,SALONA COTSPIN,0.0,,0.0,0.01,1,EQ,NSE,NSE,False,False,False,False
4443393,17357,GKWLIMITED,GKW,0.0,,0.0,0.1,1,EQ,NSE,NSE,False,False,False,False
4443649,17358,UTKARSHBNK,UTKARSH SMALL FIN BANK L,0.0,,0.0,0.01,1,EQ,NSE,NSE,False,False,False,False
4445185,17364,VINATIORGA,VINATI ORGANICS,0.0,,0.0,0.1,1,EQ,NSE,NSE,False,False,False,False
4449281,17380,EXCEL-BE,EXCEL REALTY N INFRA,0.0,,0.0,0.01,1,EQ,NSE,NSE,False,False,False,False
4451329,17388,ADANIPOWER,ADANI POWER,0.0,,0.0,0.05,1,EQ,NSE,NSE,False,False,False,False
4453121,17395,SETF10GILT,SBIAMC - SETF10GILT,0.0,,0.0,0.01,1,EQ,NSE,NSE,False,False,False,False
4453633,17397,PREMEXPLN,PREMIER EXPLOSIVES,0.0,,0.0,0.05,1,EQ,NSE,NSE,False,False,False,False
4453889,17398,718GS2037-GS,GOI LOAN  7.18% 2037,0.0,,0.0,0.01,1,EQ,NSE,NSE,False,False,False,False
4454401,17400,NHPC,NHPC,0.0,,0.0,0.01,1,EQ,NSE,NSE,False,False,False,True
4459265,17419,BANKETF,MIRAEAMC - BANKETF,0.0,,0.0,0.01,1,EQ,NSE,NSE,False,False,False,False
4460545,17424,GLOBUSSPR,GLOBUS SPIRITS,0.0,,0.0,0.1,1,EQ,NSE,NSE,False,False,False,False
4462849,17433,NETWEB,NETWEB TECH INDIA,0.0,,0.0,0.1,1,EQ,NSE,NSE,False,False,False,False
4464129,17438,OIL,OIL INDIA,0.0,,0.0,0.05,1,EQ,NSE,NSE,False,False,False,True
4473601,17475,NV20IETF,ICICI PRUDENTIAL NV20 ETF,0.0,,0.0,0.01,1,EQ,NSE,NSE,False,False,False,False
4474113,17477,CONTROLPR,CONTROL PRINT,0.0,,0.0,0.05,1,EQ,NSE,NSE,False,False,False,False
4476417,17486,EXPLEOSOL,EXPLEO SOLUTIONS,0.0,,0.0,0.1,1,EQ,NSE,NSE,False,False,False,False
4481793,17507,INCREDIBLE,INCREDIBLE INDUSTRIES,0.0,,0.0,0.01,1,EQ,NSE,NSE,False,False,False,False
4483585,17514,SETCO,SETCO AUTOMOTIVE,0.0,,0.0,0.01,1,EQ,NSE,NSE,False,False,False,False
4485121,17520,RTNPOWER,RATTANINDIA POWER,0.0,,0.0,0.01,1,EQ,NSE,NSE,False,False,False,False
4486913,17527,MAHASTEEL,MAHAMAYA STEEL INDS,0.0,,0.0,0.05,1,EQ,NSE,NSE,False,False,False,False
4488705,17534,MGL,MAHANAGAR GAS,0.0,,0.0,0.1,1,EQ,NSE,NSE,False,False,False,False
4490497,17541,DAMODARIND,DAMODAR INDUSTRIES,0.0,,0.0,0.01,1,EQ,NSE,NSE,False,False,False,False
4492033,17547,AMRUTANJAN,AMRUTAJAN HEALTH,0.0,,0.0,0.05,1,EQ,NSE,NSE,False,False,False,False
4498433,17572,LIQUID,MIRAEAMC - LIQUID,0.0,,0.0,0.01,1,EQ,NSE,NSE,False,False,False,False
4499457,17576,PVTBANKADD,DSPAMC - DSPPVBKETF,0.0,,0.0,0.01,1,EQ,NSE,NSE,False,False,False,False
4505089,17598,ASALCBR,ASSO ALCOHOLS & BREW,0.0,,0.0,0.1,1,EQ,NSE,NSE,False,False,False,False
4506369,17603,MAHEPC,MAHINDRA EPC IRRIG,0.0,,0.0,0.01,1,EQ,NSE,NSE,False,False,False,False
4508929,17613,SENSEXADD,DSPAMC - DSPSENXETF,0.0,,0.0,0.01,1,EQ,NSE,NSE,False,False,False,False
4509697,17616,PSUBANKADD,DSPAMC - DSPPSBKETF,0.0,,0.0,0.01,1,EQ,NSE,NSE,False,False,False,False
4512001,17625,MOLDTECH,MOLD-TEK TECHNOLOGIES,0.0,,0.0,0.01,1,EQ,NSE,NSE,False,False,False,False
4514561,17635,ZYDUSWELL,ZYDUS WELLNESS,0.0,,0.0,0.1,1,EQ,NSE,NSE,False,False,False,False
4516097,17641,SUNTECK,SUNTECK REALTY,0.0,,0.0,0.05,1,EQ,NSE,NSE,False,False,False,False
4518657,17651,POKARNA,POKARNA,0.0,,0.0,0.05,1,EQ,NSE,NSE,False,False,False,False
4521217,17661,UNIVPHOTO-BE,UNIVERSUS IMAGINGS,0.0,,0.0,0.05,1,EQ,NSE,NSE,False,False,False,False
4521985,17664,SGBFEB28IX-GB,2.50%GOLDBONDS2028SR-IX,0.0,,0.0,0.01,1,EQ,NSE,NSE,False,False,False,False
4524801,17675,ALOKINDS,ALOK INDUSTRIES,0.0,,0.0,0.01,1,EQ,NSE,NSE,False,False,False,False
4527361,17685,GPTINFRA,GPT INFRAPROJECTS,0.0,,0.0,0.01,1,EQ,NSE,NSE,False,False,False,False
4529921,17695,VIJIFIN-BE,VIJI FINANCE,0.0,,0.0,0.01,1,EQ,NSE,NSE,False,False,False,False
4531201,17700,LTGILTBEES,NIP IND ETF LONGTERM GILT,0.0,,0.0,0.01,1,EQ,NSE,NSE,False,False,False,False
4531713,17702,MIDSELIETF,ICICI PRUD MIDCAP SEL ETF,0.0,,0.0,0.01,1,EQ,NSE,NSE,False,False,False,False
4532225,17704,QUESS,QUESS CORP,0.0,,0.0,0.05,1,EQ,NSE,NSE,False,False,False,False
4536833,17722,DEN,DEN NETWORKS,0.0,,0.0,0.01,1,EQ,NSE,NSE,False,False,False,False
4538369,17728,ASTEC,ASTEC LIFESCIENCES,0.0,,0.0,0.05,1,EQ,NSE,NSE,False,False,False,False
4540161,17735,BAFNAPH-BE,BAFNA PHARMACEUTICALS,0.0,,0.0,0.01,1,EQ,NSE,NSE,False,False,False,False
4540929,17738,YATHARTH,YATHARTH HOSP & TRA C S L,0.0,,0.0,0.05,1,EQ,NSE,NSE,False,False,False,False
4543233,17747,NIITMTS,NIIT LEARNING SYSTEMS,0.0,,0.0,0.05,1,EQ,NSE,NSE,False,False,False,False
4544513,17752,SHILPAMED,SHILPA MEDICARE,0.0,,0.0,0.05,1,EQ,NSE,NSE,False,False,False,False
4546049,17758,SARDAEN,SARDA ENERGY & MIN,0.0,,0.0,0.05,1,EQ,NSE,NSE,False,False,False,False
4547585,17764,REFEX,REFEX INDUSTRIES,0.0,,0.0,0.05,1,EQ,NSE,NSE,False,False,False,False
4549121,17770,GROBTEA,THE GROB TEA COMPANY,0.0,,0.0,0.1,1,EQ,NSE,NSE,False,False,False,False
4551169,17778,ATL,ALLCARGO TERMINALS,0.0,,0.0,0.01,1,EQ,NSE,NSE,False,False,False,False
4555265,17794,SOMICONVEY,SOMI CONVEYOR BELT.,0.0,,0.0,0.01,1,EQ,NSE,NSE,False,False,False,False
4555521,17795,TREL,TRANSINDIA REAL ESTATE L,0.0,,0.0,0.01,1,EQ,NSE,NSE,False,False,False,False
4557057,17801,LLOYDSENGG,LLOYDS ENGG WORK,0.0,,0.0,0.01,1,EQ,NSE,NSE,False,False,False,False
4558849,17808,QUAL30IETF,ICICIPRAMC - ICICIQTY30,0.0,,0.0,0.01,1,EQ,NSE,NSE,False,False,False,False
4561409,17818,LTIM,LTIMINDTREE,0.0,,0.0,0.5,1,EQ,NSE,NSE,False,False,False,False
4565249,17833,AHLUCONT,AHLUWALIA CONT IND,0.0,,0.0,0.05,1,EQ,NSE,NSE,False,False,False,False
4566785,17839,GILLANDERS,GILLANDERS ARBUTHNOT,0.0,,0.0,0.01,1,EQ,NSE,NSE,False,False,False,False
4569857,17851,DLINKINDIA,D-LINK INDIA,0.0,,0.0,0.05,1,EQ,NSE,NSE,False,False,False,False
4571905,17859,REDTAPE,REDTAPE,0.0,,0.0,0.01,1,EQ,NSE,NSE,False,False,False,False
4574465,17869,JSWENERGY,JSW ENERGY,0.0,,0.0,0.05,1,EQ,NSE,NSE,False,False,False,True
4576001,17875,GODREJPROP,GODREJ PROPERTIES,0.0,,0.0,0.1,1,EQ,NSE,NSE,False,False,False,True
4577537,17881,DBCORP,D.B.CORP,0.0,,0.0,0.05,1,EQ,NSE,NSE,False,False,False,False
4579329,17888,GATECH,GACM TECHNOLOGIES,0.0,,0.0,0.01,1,EQ,NSE,NSE,False,False,False,False
4583169,17903,ABBOTINDIA,ABBOTT INDIA,0.0,,0.0,5.0,1,EQ,NSE,NSE,False,False,False,False
4587521,17920,HDIL-BZ,HOUSING DEV & INFRA,0.0,,0.0,0.01,1,EQ,NSE,NSE,False,False,False,False
4588033,17922,GEEKAYWIRE,GEEKAY WIRES,0.0,,0.0,0.01,1,EQ,NSE,NSE,False,False,False,False
4589313,17927,BAYERCROP,BAYER CROPSCIENCE,0.0,,0.0,0.5,1,EQ,NSE,NSE,False,False,False,False
4590849,17933,BEARDSELL,BEARDSELL,0.0,,0.0,0.01,1,EQ,NSE,NSE,False,False,False,False
4592385,17939,HINDCOPPER,HINDUSTAN COPPER,0.0,,0.0,0.01,1,EQ,NSE,NSE,False,False,False,False
4593921,17945,COHANCE,COHANCE LIFESCIENCES,0.0,,0.0,0.05,1,EQ,NSE,NSE,False,False,False,False
4596993,17957,MMTC,MMTC,0.0,,0.0,0.01,1,EQ,NSE,NSE,False,False,False,False
4598529,17963,NESTLEIND,NESTLE INDIA,0.0,,0.0,0.1,1,EQ,NSE,NSE,True,False,False,False
4600577,17971,SBICARD,SBI CARDS & PAY SER,0.0,,0.0,0.05,1,EQ,NSE,NSE,False,False,False,False
4604673,17987,TRF,TRF,0.0,,0.0,0.05,1,EQ,NSE,NSE,False,False,False,False
4607745,17999,UNITEDTEA,UNITED NILGIRI TEA,0.0,,0.0,0.05,1,EQ,NSE,NSE,False,False,False,False
4610817,18011,WHIRLPOOL,WHIRLPOOL OF INDIA,0.0,,0.0,0.1,1,EQ,NSE,NSE,False,False,False,False
4611073,18012,VLEGOV,VL E GOV AND IT SOL,0.0,,0.0,0.01,1,EQ,NSE,NSE,False,False,False,False
4614145,18024,SETUINFRA-BZ,SETUBANDHAN INFRA,0.0,,0.0,0.01,1,EQ,NSE,NSE,False,False,False,False
4614401,18025,718GS2033-GS,GOI LOAN  7.18% 2033,0.0,,0.0,0.01,1,EQ,NSE,NSE,False,False,False,False
4614657,18026,SBFC,SBFC FINANCE,0.0,,0.0,0.01,1,EQ,NSE,NSE,False,False,False,False
4615425,18029,MBLINFRA,MBL INFRASTRUCTURE,0.0,,0.0,0.01,1,EQ,NSE,NSE,False,False,False,False
4617985,18039,ADVENZYMES,ADVANCED ENZYME TECH,0.0,,0.0,0.05,1,EQ,NSE,NSE,False,False,False,False
4621569,18053,MINDTECK-BE,MINDTECK (INDIA),0.0,,0.0,0.01,1,EQ,NSE,NSE,False,False,False,False
4623361,18060,CONCORDBIO,CONCORD BIOTECH,0.0,,0.0,0.1,1,EQ,NSE,NSE,False,False,False,False
4630017,18086,DBL,DILIP BUILDCON,0.0,,0.0,0.05,1,EQ,NSE,NSE,False,False,False,False
4632577,18096,JUBLFOOD,JUBILANT FOODWORKS,0.0,,0.0,0.05,1,EQ,NSE,NSE,False,False,False,False
4634113,18102,NIFTY1,KOTAK NIFTY ETF,0.0,,0.0,0.01,1,EQ,NSE,NSE,False,False,False,False
4636161,18110,VASCONEQ,VASCON ENGINEERS,0.0,,0.0,0.01,1,EQ,NSE,NSE,False,False,False,False
4638209,18118,THANGAMAYL,THANGAMAYIL JEWELLERY,0.0,,0.0,0.1,1,EQ,NSE,NSE,False,False,False,False
4638465,18119,SRGHFL,SRG HOUSING FINANCE L,0.0,,0.0,0.05,1,EQ,NSE,NSE,False,False,False,False
4639745,18124,DBREALTY,VALOR ESTATE,0.0,,0.0,0.01,1,EQ,NSE,NSE,False,False,False,False
4641537,18131,YASHO,YASHO INDUSTRIES,0.0,,0.0,0.1,1,EQ,NSE,NSE,False,False,False,False
4643585,18139,DOLPHIN,DOLPHIN OFF ENT (IND) L,0.0,,0.0,0.05,1,EQ,NSE,NSE,False,False,False,False
4644353,18142,EMMBI,EMMBI INDUSTRIES,0.0,,0.0,0.01,1,EQ,NSE,NSE,False,False,False,False
4644609,18143,JIOFIN,JIO FIN SERVICES,0.0,,0.0,0.05,1,EQ,NSE,NSE,True,False,False,False
4646657,18151,TVSSCS,TVS SUPPLY CHAIN SOL L,0.0,,0.0,0.01,1,EQ,NSE,NSE,False,False,False,False
4647425,18154,HATHWAY,HATHWAY CABLE & DATACOM,0.0,,0.0,0.01,1,EQ,NSE,NSE,False,False,False,False
4661249,18208,ORIENTLTD,ORIENT PRESS,0.0,,0.0,0.01,1,EQ,NSE,NSE,False,False,False,False
4662785,18214,TEXMOPIPES,TEXMO PIPE & PRODUCTS,0.0,,0.0,0.01,1,EQ,NSE,NSE,False,False,False,False
4664321,18220,KECL,KIRLOSKAR ELECTRIC CO,0.0,,0.0,0.01,1,EQ,NSE,NSE,False,False,False,False
4665857,18226,MANINFRA,MAN INFRA,0.0,,0.0,0.01,1,EQ,NSE,NSE,False,False,False,False
4668161,18235,LORDSCHLO-BE,LORDS CHLORO ALKALI,0.0,,0.0,0.01,1,EQ,NSE,NSE,False,False,False,False
4672001,18250,PYRAMID,PYRAMID TECHNOPLAST,0.0,,0.0,0.01,1,EQ,NSE,NSE,False,False,False,False
4672513,18252,SPAL,S. P. APPARELS,0.0,,0.0,0.05,1,EQ,NSE,NSE,False,False,False,False
4676609,18268,AEROFLEX,AEROFLEX INDUSTRIES,0.0,,0.0,0.01,1,EQ,NSE,NSE,False,False,False,False
4679425,18279,HDFCLIQUID,HDFCAMC - HDFCLIQUID,0.0,,0.0,0.01,1,EQ,NSE,NSE,False,False,False,False
4680705,18284,HNGSNGBEES,NIP IND ETF HANGSENG BEES,0.0,,0.0,0.01,1,EQ,NSE,NSE,False,False,False,False
4682753,18292,IVZINGOLD,INVESCO INDIA GOLD ETF,0.0,,0.0,0.05,1,EQ,NSE,NSE,False,False,False,False
4690177,18321,LGBBROSLTD,LG BALAKRISHNAN & BROS,0.0,,0.0,0.1,1,EQ,NSE,NSE,False,False,False,False
4695297,18341,VPRPL,VISHNU PRAKASH R PUNGLI L,0.0,,0.0,0.01,1,EQ,NSE,NSE,False,False,False,False
4696833,18347,NIFMID150,UTIAMC - NIFMID150,0.0,,0.0,0.01,1,EQ,NSE,NSE,False,False,False,False
4699905,18359,SANDUMA,SANDUR MANG & IRON ORES L,0.0,,0.0,0.05,1,EQ,NSE,NSE,False,False,False,False
4701441,18365,PERSISTENT,PERSISTENT SYSTEMS,0.0,,0.0,0.5,1,EQ,NSE,NSE,False,False,False,True
4702977,18371,NDGL,NAGA DHUNSERI GROUP,0.0,,0.0,0.1,1,EQ,NSE,NSE,False,False,False,False
4708097,18391,RBLBANK,RBL BANK,0.0,,0.0,0.05,1,EQ,NSE,NSE,False,False,True,False
4715265,18419,RISHABH-BE,RISHABH INSTRUMENTS,0.0,,0.0,0.05,1,EQ,NSE,NSE,False,False,False,False
4716033,18422,ASIANHOTNR,ASIAN HOTELS (NORTH),0.0,,0.0,0.05,1,EQ,NSE,NSE,False,False,False,False
4716289,18423,RATNAVEER,RATNAVEER PRECISION ENG L,0.0,,0.0,0.01,1,EQ,NSE,NSE,False,False,False,False
4718337,18431,BIGBLOC,BIGBLOC CONSTRUCTION,0.0,,0.0,0.01,1,EQ,NSE,NSE,False,False,False,False
4723457,18451,SGBMAR28X-GB,2.50%GOLDBONDS2028SR-X,0.0,,0.0,0.01,1,EQ,NSE,NSE,False,False,False,False
4724993,18457,POWERINDIA,HITACHI ENERGY INDIA,0.0,,0.0,1.0,1,EQ,NSE,NSE,False,False,False,False
4729345,18474,719GS2060-GS,GOI LOAN 7.19% 2060,0.0,,0.0,0.01,1,EQ,NSE,NSE,False,False,False,False
4730625,18479,ISFT,INTRASOFT TECH.,0.0,,0.0,0.01,1,EQ,NSE,NSE,False,False,False,False
4736257,18501,SABEVENTS-BE,SAB EVENTS & GOVERNANCE,0.0,,0.0,0.01,1,EQ,NSE,NSE,False,False,False,False
4737025,18504,TVVISION,TV VISION,0.0,,0.0,0.01,1,EQ,NSE,NSE,False,False,False,False
4741121,18520,CUPID,CUPID,0.0,,0.0,0.01,1,EQ,NSE,NSE,False,False,False,False
4747009,18543,DIACABS,DIAMOND POWER INFRA,0.0,,0.0,0.01,1,EQ,NSE,NSE,False,False,False,False
4749569,18553,JLHL,JUPITER LIFE LINE HOSP L,0.0,,0.0,0.1,1,EQ,NSE,NSE,False,False,False,False
4751617,18561,716GS2050-GS,GOI LOAN 7.16% 2050,0.0,,0.0,0.01,1,EQ,NSE,NSE,False,False,False,False
4751873,18562,MITTAL,MITTAL LIFE STYLE,0.0,,0.0,0.01,1,EQ,NSE,NSE,False,False,False,False
4752385,18564,LTTS,L&T TECHNOLOGY SER.,0.0,,0.0,0.1,1,EQ,NSE,NSE,False,False,False,False
4752897,18566,RRKABEL,R R KABEL,0.0,,0.0,0.1,1,EQ,NSE,NSE,False,False,False,False
4754177,18571,GNA,GNA AXLES,0.0,,0.0,0.05,1,EQ,NSE,NSE,False,False,False,False
4756737,18581,KIRLOSBROS,KIRLOSKAR BROTHERS,0.0,,0.0,0.1,1,EQ,NSE,NSE,False,False,False,False
4759809,18593,EMSLIMITED,EMS,0.0,,0.0,0.05,1,EQ,NSE,NSE,False,False,False,False
4763649,18608,ZAGGLE,ZAGGLE PREPA OCEAN SER L,0.0,,0.0,0.05,1,EQ,NSE,NSE,False,False,False,False
4765185,18614,SAMHI,SAMHI HOTELS,0.0,,0.0,0.01,1,EQ,NSE,NSE,False,False,False,False
4772865,18644,DIAMINESQ,DIAMINES & CHEMICALS,0.0,,0.0,0.05,1,EQ,NSE,NSE,False,False,False,False
4774913,18652,ICICIPRULI,ICICI PRU LIFE INS CO,0.0,,0.0,0.05,1,EQ,NSE,NSE,False,False,False,False
4776705,18659,MARATHON,MARATHON NXTGEN REALT,0.0,,0.0,0.05,1,EQ,NSE,NSE,False,False,False,False
4781825,18679,HPL,HPL ELECTRIC & POWER,0.0,,0.0,0.05,1,EQ,NSE,NSE,False,False,False,False
4792577,18721,NUVAMA,NUVAMA WEALTH MANAGE,0.0,,0.0,0.5,1,EQ,NSE,NSE,False,False,False,False
4794113,18727,MASKINVEST,MASK INVESTMENTS,0.0,,0.0,0.01,1,EQ,NSE,NSE,False,False,False,False
4798209,18743,SIGNATURE,SIGNATUREGLOBAL INDIA,0.0,,0.0,0.1,1,EQ,NSE,NSE,False,False,False,False
4801281,18755,KALAMANDIR,SAI SILKS (KALAMANDIR) L,0.0,,0.0,0.01,1,EQ,NSE,NSE,False,False,False,False
4802561,18760,YATRA,YATRA ONLINE,0.0,,0.0,0.01,1,EQ,NSE,NSE,False,False,False,False
4808449,18783,IDFNIFTYET,BANDHANAMC - IDFNIFTYET,0.0,,0.0,0.01,1,EQ,NSE,NSE,False,False,False,False
4818433,18822,ENDURANCE,ENDURANCE TECHNO.,0.0,,0.0,0.1,1,EQ,NSE,NSE,False,False,False,False
4819713,18827,TARAPUR,TARAPUR TRANSFORMERS,0.0,,0.0,0.01,1,EQ,NSE,NSE,False,False,False,False
4823041,18840,NIRAJISPAT,NIRAJ ISPAT IND,0.0,,0.0,0.05,1,EQ,NSE,NSE,False,False,False,False
4827393,18857,579GS2030-GS,GOI LOAN 5.79% 2030,0.0,,0.0,0.01,1,EQ,NSE,NSE,False,False,False,False
4828673,18862,SGBAPR28I-GB,2.50%GOLDBONDS2028SR-I,0.0,,0.0,0.01,1,EQ,NSE,NSE,False,False,False,False
4828929,18863,VERTOZ,VERTOZ,0.0,,0.0,0.01,1,EQ,NSE,NSE,False,False,False,False
4829697,18866,MAZDA,MAZDA,0.0,,0.0,0.05,1,EQ,NSE,NSE,False,False,False,False
4834049,18883,SJVN,SJVN,0.0,,0.0,0.01,1,EQ,NSE,NSE,False,False,False,False
4835585,18889,KSL,KALYANI STEELS,0.0,,0.0,0.05,1,EQ,NSE,NSE,False,False,False,False
4840449,18908,PNBHOUSING,PNB HOUSING FIN,0.0,,0.0,0.05,1,EQ,NSE,NSE,False,False,True,False
4843777,18921,VBL,VARUN BEVERAGES,0.0,,0.0,0.05,1,EQ,NSE,NSE,False,False,False,False
4846337,18931,SUNDARAM,SUNDARAM MULTI PAP,0.0,,0.0,0.01,1,EQ,NSE,NSE,False,False,False,False
4850689,18948,KINGFA-BE,KINGFA SCI & TEC IND,0.0,,0.0,0.1,1,EQ,NSE,NSE,False,False,False,False
4854273,18962,RAJRATAN,RAJRATAN GLOBAL WIRE,0.0,,0.0,0.05,1,EQ,NSE,NSE,False,False,False,False
4855553,18967,KAPSTON,KAPSTON SERVICES,0.0,,0.0,0.01,1,EQ,NSE,NSE,False,False,False,False
4856833,18972,SGBMAY28-GB,2.50%GOLDBONDS2028SR-II,0.0,,0.0,0.01,1,EQ,NSE,NSE,False,False,False,False
4857089,18973,619GS2034-GS,GOI LOAN 6.19% 2034,0.0,,0.0,0.01,1,EQ,NSE,NSE,False,False,False,False
4858113,18977,UNIVASTU,UNIVASTU INDIA,0.0,,0.0,0.05,1,EQ,NSE,NSE,False,False,False,False
4867841,19015,MVGJL,MANOJ VAIBHAV GEM N JEW L,0.0,,0.0,0.01,1,EQ,NSE,NSE,False,False,False,False
4869121,19020,JSWINFRA,JSW INFRASTRUCTURE,0.0,,0.0,0.05,1,EQ,NSE,NSE,False,False,False,False
4870401,19025,KIRLOSIND,KIRLOSKAR INDUSTRIES,0.0,,0.0,0.1,1,EQ,NSE,NSE,False,False,False,False
4873217,19036,PODDARMENT,PODDAR PIGMENTS,0.0,,0.0,0.05,1,EQ,NSE,NSE,False,False,False,False
4879617,19061,MANAPPURAM,MANAPPURAM FINANCE,0.0,,0.0,0.05,1,EQ,NSE,NSE,False,False,True,False
4882689,19073,AARVI,AARVI ENCON,0.0,,0.0,0.01,1,EQ,NSE,NSE,False,False,False,False
4883969,19078,SGBJUN28-GB,2.5%GOLDBONDS2028SR-III,0.0,,0.0,0.01,1,EQ,NSE,NSE,False,False,False,False
4885505,19084,ITBEES,NIP IND ETF IT,0.0,,0.0,0.01,1,EQ,NSE,NSE,False,False,False,False
4888833,19097,SILLYMONKS,SILLY MONKS ENTERTAIN,0.0,,0.0,0.01,1,EQ,NSE,NSE,False,False,False,False
4890625,19104,ROLLT,ROLLATAINERS,0.0,,0.0,0.01,1,EQ,NSE,NSE,False,False,False,False
4892417,19111,NBIFIN,N.B.I. IND. FIN. CO.,0.0,,0.0,0.1,1,EQ,NSE,NSE,False,False,False,False
4892929,19113,UDS,UPDATER SERVICES,0.0,,0.0,0.01,1,EQ,NSE,NSE,False,False,False,False
4896257,19126,KIOCL,KIOCL,0.0,,0.0,0.05,1,EQ,NSE,NSE,False,False,False,False
4900353,19142,UMESLTD,USHA MARTIN EDU & SOL,0.0,,0.0,0.01,1,EQ,NSE,NSE,False,False,False,False
4911105,19184,SFL,SHEELA FOAM,0.0,,0.0,0.05,1,EQ,NSE,NSE,False,False,False,False
4914177,19196,TI,TILAKNAGAR INDUSTRIES,0.0,,0.0,0.05,1,EQ,NSE,NSE,False,False,False,False
4916481,19205,HEADSUP,HEADS UP VENTURES,0.0,,0.0,0.01,1,EQ,NSE,NSE,False,False,False,False
4918017,19211,HMVL,HINDUSTAN MEDIA VENT,0.0,,0.0,0.01,1,EQ,NSE,NSE,False,False,False,False
4919809,19218,VALIANTLAB,VALIANT LABORATORIES,0.0,,0.0,0.01,1,EQ,NSE,NSE,False,False,False,False
4921089,19223,TCIEXP,TCI EXPRESS,0.0,,0.0,0.05,1,EQ,NSE,NSE,False,False,False,False
4921345,19224,SENSEXETF,MIRAEAMC - SENSEXETF,0.0,,0.0,0.01,1,EQ,NSE,NSE,False,False,False,False
4923649,19233,AARTISURF,AARTI SURFACTANTS,0.0,,0.0,0.05,1,EQ,NSE,NSE,False,False,False,False
4923905,19234,LAURUSLABS,LAURUS LABS,0.0,,0.0,0.05,1,EQ,NSE,NSE,False,False,False,True
4924161,19235,IMFA,INDIAN METALS & FERRO,0.0,,0.0,0.05,1,EQ,NSE,NSE,False,False,False,False
4924673,19237,MONIFTY500,MOTILALAMC - MONIFTY500,0.0,,0.0,0.01,1,EQ,NSE,NSE,False,False,False,False
4931841,19265,BLISSGVS,BLISS GVS PHARMA,0.0,,0.0,0.01,1,EQ,NSE,NSE,False,False,False,False
4934913,19277,EMAMIREAL,EMAMI REALTY,0.0,,0.0,0.01,1,EQ,NSE,NSE,False,False,False,False
4935425,19279,THEJO,THEJO ENGINEERING,0.0,,0.0,0.1,1,EQ,NSE,NSE,False,False,False,False
4937985,19289,MOM50,MOTILAL OSWAL M50 ETF,0.0,,0.0,0.01,1,EQ,NSE,NSE,False,False,False,False
4939777,19296,TERASOFT-BE,TERA SOFTWARE,0.0,,0.0,0.05,1,EQ,NSE,NSE,False,False,False,False
4940545,19299,ITDC,INDIA TOUR. DEV. CO.,0.0,,0.0,0.05,1,EQ,NSE,NSE,False,False,False,False
4946433,19322,HISARMETAL,HISAR METAL IND.,0.0,,0.0,0.01,1,EQ,NSE,NSE,False,False,False,False
4959233,19372,SPCENET,SPACENET ENTERS IND,0.0,,0.0,0.01,1,EQ,NSE,NSE,False,False,False,False
4966657,19401,BOROLTD,BOROSIL,0.0,,0.0,0.05,1,EQ,NSE,NSE,False,False,False,False
4968961,19410,ROSSARI,ROSSARI BIOTECH,0.0,,0.0,0.05,1,EQ,NSE,NSE,False,False,False,False
4976129,19438,AHLEAST,ASIAN HOTELS (EAST),0.0,,0.0,0.01,1,EQ,NSE,NSE,False,False,False,False
4976641,19440,SICALLOG-BE,SICAL LOGISTICS,0.0,,0.0,0.01,1,EQ,NSE,NSE,False,False,False,False
4978433,19447,CAPTRUST,CAPITAL TRUST,0.0,,0.0,0.01,1,EQ,NSE,NSE,False,False,False,False
4980737,19456,SGBSEP31II-GB,2.50%GOLDBONDS2031SR-II,0.0,,0.0,0.01,1,EQ,NSE,NSE,False,False,False,False
4981249,19458,PLAZACABLE,PLAZA WIRES,0.0,,0.0,0.01,1,EQ,NSE,NSE,False,False,False,False
4990977,19496,SECMARK,SECMARK CONSULTANCY,0.0,,0.0,0.01,1,EQ,NSE,NSE,False,False,False,False
4992257,19501,TICL,TWAMEV CONS AND INFRA,0.0,,0.0,0.01,1,EQ,NSE,NSE,False,False,False,False
4998401,19525,IITL,INDUSTRIAL INV TRUST,0.0,,0.0,0.01,1,EQ,NSE,NSE,False,False,False,False
4999937,19531,BAJAJCON,BAJAJ CONSUMER CARE,0.0,,0.0,0.01,1,EQ,NSE,NSE,False,False,False,False
5003009,19543,HDFCGOLD,HDFC GOLD ETF,0.0,,0.0,0.01,1,EQ,NSE,NSE,False,False,False,False
5006337,19556,BHANDARI,BHANDARI HOSIERY EXP,0.0,,0.0,0.01,1,EQ,NSE,NSE,False,False,False,False
5008897,19566,737GS2028-GS,GOI LOAN  7.37% 2028,0.0,,0.0,0.01,1,EQ,NSE,NSE,False,False,False,False
5011969,19578,UGARSUGAR,THE UGAR SUGAR WORKS,0.0,,0.0,0.01,1,EQ,NSE,NSE,False,False,False,False
5013761,19585,BSE,BSE,0.0,,0.0,0.1,1,EQ,NSE,NSE,True,False,False,False
5016833,19597,IRMENERGY,IRM ENERGY,0.0,,0.0,0.05,1,EQ,NSE,NSE,False,False,False,False
5017345,19599,PRAKASHSTL,PRAKASH STEELAGE,0.0,,0.0,0.01,1,EQ,NSE,NSE,False,False,False,False
5025537,19631,PRICOLLTD,PRICOL,0.0,,0.0,0.05,1,EQ,NSE,NSE,False,False,False,False
5026049,19633,ITETF,MIRAEAMC - ITETF,0.0,,0.0,0.01,1,EQ,NSE,NSE,False,False,False,False
5027841,19640,ALPHAETF,MIRAEAMC - ALPHAETF,0.0,,0.0,0.01,1,EQ,NSE,NSE,False,False,False,False
5029377,19646,MAXESTATES,MAX ESTATES,0.0,,0.0,0.05,1,EQ,NSE,NSE,False,False,False,False
5031169,19653,KALYANI-BE,KALYANI COMMERCIALS,0.0,,0.0,0.01,1,EQ,NSE,NSE,False,False,False,False
5035521,19670,COMPINFO-BZ,COMPUAGE INFOCOM,0.0,,0.0,0.01,1,EQ,NSE,NSE,False,False,False,False
5036801,19675,GAYAPROJ-BZ,GAYATRI PROJECTS,0.0,,0.0,0.01,1,EQ,NSE,NSE,False,False,False,False
5037057,19676,CMICABLES-BZ,CMI,0.0,,0.0,0.01,1,EQ,NSE,NSE,False,False,False,False
5037313,19677,ANSALAPI-BZ,ANSAL PROP & INFRA,0.0,,0.0,0.01,1,EQ,NSE,NSE,False,False,False,False
5037825,19679,GOLDIETF,ICICI PRUDENTIAL GOLD ETF,0.0,,0.0,0.01,1,EQ,NSE,NSE,False,False,False,False
5039361,19685,733GS2026-GS,GOI LOAN  7.33% 2026,0.0,,0.0,0.01,1,EQ,NSE,NSE,False,False,False,False
5039617,19686,BLUEJET,BLUE JET HEALTHCARE,0.0,,0.0,0.05,1,EQ,NSE,NSE,False,False,False,False
5041921,19695,JITFINFRA-BE,JITF INFRALOGISTICS,0.0,,0.0,0.05,1,EQ,NSE,NSE,False,False,False,False
5042689,19698,HMT-BZ,HMT -,0.0,,0.0,0.01,1,EQ,NSE,NSE,False,False,False,False
5044481,19705,LIQUIDSBI,SBIAMC - LIQUIDSBI,0.0,,0.0,0.01,1,EQ,NSE,NSE,False,False,False,False
5051137,19731,GPPL,GUJARAT PIPAVAV PORT,0.0,,0.0,0.01,1,EQ,NSE,NSE,False,False,False,False
5058817,19761,ADFFOODS,ADF FOODS,0.0,,0.0,0.01,1,EQ,NSE,NSE,False,False,False,False
5064449,19783,MUFIN,MUFIN GREEN FINANCE,0.0,,0.0,0.01,1,EQ,NSE,NSE,False,False,False,False
5067521,19795,CELLO,CELLO WORLD,0.0,,0.0,0.05,1,EQ,NSE,NSE,False,False,False,False
5069825,19804,WELINV-BE,WELSPUN INV & COMM,0.0,,0.0,0.05,1,EQ,NSE,NSE,False,False,False,False
5070849,19808,746GS2073-GS,GOI LOAN  7.46% 2073,0.0,,0.0,0.01,1,EQ,NSE,NSE,False,False,False,False
5072129,19813,HONASA,HONASA CONSUMER - MAMAEARTH,0.0,,0.0,0.05,1,EQ,NSE,NSE,False,False,False,False
5085953,19867,AMNPLST,AMINES & PLASTICIZERS,0.0,,0.0,0.01,1,EQ,NSE,NSE,False,False,False,False
5088257,19876,LGHL,LAXMI GOLDORNA HOUSE,0.0,,0.0,0.05,1,EQ,NSE,NSE,False,False,False,False
5088513,19877,RADIOCITY,MUSIC BROADCAST,0.0,,0.0,0.01,1,EQ,NSE,NSE,False,False,False,False
5088769,19878,ESAFSFB,ESAF SMALL FINANCE BANK L,0.0,,0.0,0.01,1,EQ,NSE,NSE,False,False,False,False
5097729,19913,DMART,AVENUE SUPERMARTS,0.0,,0.0,0.1,1,EQ,NSE,NSE,False,False,False,False
5102337,19931,ORISSAMINE,ORISSA MIN DEV CO,0.0,,0.0,0.1,1,EQ,NSE,NSE,False,False,False,False
5102849,19933,EGOLD,EDELAMC - EGOLD,0.0,,0.0,0.05,1,EQ,NSE,NSE,False,False,False,False
5103873,19937,KILITCH,KILITCH DRUGS INDIA,0.0,,0.0,0.05,1,EQ,NSE,NSE,False,False,False,False
5105409,19943,DEEPAKNTR,DEEPAK NITRITE,0.0,,0.0,0.1,1,EQ,NSE,NSE,False,False,False,False
5109505,19959,WAAREEINDO-BE,INDOSOLAR,0.0,,0.0,0.05,1,EQ,NSE,NSE,False,False,False,False
5136129,20063,SASTASUNDR,SASTASUNDAR VENTURES,0.0,,0.0,0.05,1,EQ,NSE,NSE,False,False,False,False
5138433,20072,INFRABEES,NIP IND ETF INFRA BEES,0.0,,0.0,0.01,1,EQ,NSE,NSE,False,False,False,False
5139713,20077,INTENTECH-BE,INTENSE TECHNOLOGIES,0.0,,0.0,0.01,1,EQ,NSE,NSE,False,False,False,False
5142017,20086,CPCAP,CP CAPITAL,0.0,,0.0,0.01,1,EQ,NSE,NSE,False,False,False,False
5143553,20092,TASTYBITE,TASTY BITE EATABLES,0.0,,0.0,0.5,1,EQ,NSE,NSE,False,False,False,False
5148161,20110,GREENPOWER,ORIENT GREEN POWER CO,0.0,,0.0,0.01,1,EQ,NSE,NSE,False,False,False,False
5154305,20134,RAMKY,RAMKY INFRA,0.0,,0.0,0.05,1,EQ,NSE,NSE,False,False,False,False
5154817,20136,732GS2030-GS,GOI LOAN  7.32% 2030,0.0,,0.0,0.01,1,EQ,NSE,NSE,False,False,False,False
5158657,20151,725GR2028-GS,GOI LOAN   7.25% 2028,0.0,,0.0,0.01,1,EQ,NSE,NSE,False,False,False,False
5158913,20152,ASKAUTOLTD,ASK AUTOMOTIVE,0.0,,0.0,0.05,1,EQ,NSE,NSE,False,False,False,False
5160705,20159,ARIHANTSUP,ARIHANT SUPERSTRUCT,0.0,,0.0,0.05,1,EQ,NSE,NSE,False,False,False,False
5160961,20160,CANTABIL,CANTABIL RETAIL,0.0,,0.0,0.05,1,EQ,NSE,NSE,False,False,False,False
5165569,20178,AKSHARCHEM,AKSHARCHEM INDIA,0.0,,0.0,0.05,1,EQ,NSE,NSE,False,False,False,False
5166593,20182,ASHOKA,ASHOKA BUILDCON,0.0,,0.0,0.01,1,EQ,NSE,NSE,False,False,False,False
5168129,20188,WABAG,VA TECH WABAG,0.0,,0.0,0.1,1,EQ,NSE,NSE,False,False,False,False
5170177,20196,BEDMUTHA,BEDMUTHA INDUST,0.0,,0.0,0.01,1,EQ,NSE,NSE,False,False,False,False
5171969,20203,URJA,URJA GLOBAL,0.0,,0.0,0.01,1,EQ,NSE,NSE,False,False,False,False
5177345,20224,JWL,JUPITER WAGONS,0.0,,0.0,0.05,1,EQ,NSE,NSE,False,False,False,False
5179649,20233,CLEDUCATE-BE,CL EDUCATE,0.0,,0.0,0.01,1,EQ,NSE,NSE,False,False,False,False
5181953,20242,OBEROIRLTY,OBEROI REALTY,0.0,,0.0,0.1,1,EQ,NSE,NSE,False,False,False,False
5185793,20257,ESILVER,EDELAMC - ESILVER,0.0,,0.0,0.01,1,EQ,NSE,NSE,False,False,False,False
5186817,20261,IREDA,INDIAN RENEWABLE ENERGY,0.0,,0.0,0.01,1,EQ,NSE,NSE,False,False,False,False
5195009,20293,TATATECH,TATA TECHNOLOGIES,0.0,,0.0,0.05,1,EQ,NSE,NSE,False,False,True,False
5195777,20296,SHAH,SHAH METACORP,0.0,,0.0,0.01,1,EQ,NSE,NSE,False,False,False,False
5197313,20302,PRESTIGE,PRESTIGE ESTATE,0.0,,0.0,0.1,1,EQ,NSE,NSE,False,False,False,True
5197569,20303,GANDHAR,GANDHAR OIL REFINE IND L,0.0,,0.0,0.01,1,EQ,NSE,NSE,False,False,False,False
5200385,20314,NRAIL,N R AGARWAL INDS,0.0,,0.0,0.05,1,EQ,NSE,NSE,False,False,False,False
5202433,20322,FEDFINA,FEDBANK FINANCIAL SER L,0.0,,0.0,0.01,1,EQ,NSE,NSE,False,False,False,False
5202689,20323,RESPONIND,RESPONSIVE INDUSTRIES,0.0,,0.0,0.01,1,EQ,NSE,NSE,False,False,False,False
5204225,20329,CGCL,CAPRI GLOBAL CAPITAL,0.0,,0.0,0.01,1,EQ,NSE,NSE,False,False,False,False
5206273,20337,SHANKARA-BE,SHANKARA BLDG PRODUCT,0.0,,0.0,0.05,1,EQ,NSE,NSE,False,False,False,False
5215233,20372,FLAIR,FLAIR WRITING INDUST,0.0,,0.0,0.05,1,EQ,NSE,NSE,False,False,False,False
5215745,20374,COALINDIA,COAL INDIA,0.0,,0.0,0.05,1,EQ,NSE,NSE,True,False,False,False
5225729,20413,IOLCP,IOL CHEM AND PHARMA,0.0,,0.0,0.01,1,EQ,NSE,NSE,False,False,False,False
5229825,20429,NACLIND-BE,NACL INDUSTRIES,0.0,,0.0,0.05,1,EQ,NSE,NSE,False,False,False,False
5234689,20448,724GR2033-GS,GOI LOAN 7.24% 2033,0.0,,0.0,0.01,1,EQ,NSE,NSE,False,False,False,False
5236993,20457,APCL-BE,ANJANI PORTLAND CEM,0.0,,0.0,0.01,1,EQ,NSE,NSE,False,False,False,False
5243137,20481,WIPL,THE WESTERN INDIA PLY,0.0,,0.0,0.01,1,EQ,NSE,NSE,False,False,False,False
5254913,20527,PRUDMOULI,PRUDENTIAL SUGAR CORPORAT,0.0,,0.0,0.01,1,EQ,NSE,NSE,False,False,False,False
5255937,20531,BAJEL,BAJEL PROJECTS,0.0,,0.0,0.01,1,EQ,NSE,NSE,False,False,False,False
5256193,20532,AXISGOLD,AXIS MF - AXIS GOLD ETF,0.0,,0.0,0.01,1,EQ,NSE,NSE,False,False,False,False
5256705,20534,GRAVITA,GRAVITA INDIA,0.0,,0.0,0.1,1,EQ,NSE,NSE,False,False,False,False
5260033,20547,BBNPPGOLD,BARODABNP - BBNPPGOLD,0.0,,0.0,0.05,1,EQ,NSE,NSE,False,False,False,False
5261057,20551,DOMS,DOMS INDUSTRIES,0.0,,0.0,0.1,1,EQ,NSE,NSE,False,False,False,False
5262337,20556,INDIASHLTR,INDIA SHELTER FIN CORP L,0.0,,0.0,0.05,1,EQ,NSE,NSE,False,False,False,False
5263361,20560,DOLLAR,DOLLAR INDUSTRIES,0.0,,0.0,0.05,1,EQ,NSE,NSE,False,False,False,False
5275393,20607,INOXINDIA,INOX INDIA,0.0,,0.0,0.1,1,EQ,NSE,NSE,False,False,False,False
5277697,20616,SUPERHOUSE,SUPERHOUSE,0.0,,0.0,0.01,1,EQ,NSE,NSE,False,False,False,False
5278977,20621,PENIND,PENNAR INDUSTRIES,0.0,,0.0,0.01,1,EQ,NSE,NSE,False,False,False,False
5284353,20642,JINDWORLD,JINDAL WORLDWIDE,0.0,,0.0,0.01,1,EQ,NSE,NSE,False,False,False,False
5298689,20698,SCHAND,S CHAND AND COMPANY,0.0,,0.0,0.01,1,EQ,NSE,NSE,False,False,False,False
5314561,20760,RPPINFRA,R.P.P INFRA PROJECTS,0.0,,0.0,0.01,1,EQ,NSE,NSE,False,False,False,False
5319169,20778,JAMNAAUTO,JAMNA AUTO IND,0.0,,0.0,0.01,1,EQ,NSE,NSE,False,False,False,False
5321729,20788,MOTISONS,MOTISONS JEWELLERS,0.0,,0.0,0.01,1,EQ,NSE,NSE,False,False,False,False
5323265,20794,SUMEETINDS-BE,SUMEET IND,0.0,,0.0,0.01,1,EQ,NSE,NSE,False,False,False,False
5324545,20799,BHAGYANGR-BE,BHAGYANAGAR INDIA,0.0,,0.0,0.01,1,EQ,NSE,NSE,False,False,False,False
5329153,20817,IRBINVIT-IV,IRB INVIT FUND,0.0,,0.0,0.01,1,EQ,NSE,NSE,False,False,False,False
5330433,20822,SURAJEST,SURAJ ESTATE DEVELOPERS L,0.0,,0.0,0.05,1,EQ,NSE,NSE,False,False,False,False
5331201,20825,HUDCO,HSG & URBAN DEV CORPN,0.0,,0.0,0.01,1,EQ,NSE,NSE,False,False,False,False
5332481,20830,MOIL,MOIL,0.0,,0.0,0.05,1,EQ,NSE,NSE,False,False,False,False
5332737,20831,MUTHOOTMF,MUTHOOT MICROFIN,0.0,,0.0,0.01,1,EQ,NSE,NSE,False,False,False,False
5338113,20852,ZEELEARN,ZEE LEARN,0.0,,0.0,0.01,1,EQ,NSE,NSE,False,False,False,False
5338625,20854,HAPPYFORGE,HAPPY FORGINGS,0.0,,0.0,0.05,1,EQ,NSE,NSE,False,False,False,False
5343745,20874,RBZJEWEL,RBZ JEWELLERS,0.0,,0.0,0.01,1,EQ,NSE,NSE,False,False,False,False
5344513,20877,PSPPROJECT,PSP PROJECTS,0.0,,0.0,0.05,1,EQ,NSE,NSE,False,False,False,False
5344769,20878,MUFTI,CREDO BRANDS MARKETING L,0.0,,0.0,0.01,1,EQ,NSE,NSE,False,False,False,False
5351681,20905,AZAD,AZAD ENGINEERING,0.0,,0.0,0.1,1,EQ,NSE,NSE,False,False,False,False
5352961,20910,A2ZINFRA-BE,A2Z INFRA ENGINEERING,0.0,,0.0,0.01,1,EQ,NSE,NSE,False,False,False,False
5359617,20936,KIRLOSENG,KIRLOSKAR OIL ENG,0.0,,0.0,0.05,1,EQ,NSE,NSE,False,False,True,False
5363201,20950,RKDL,RAVI KUMAR DIST.,0.0,,0.0,0.01,1,EQ,NSE,NSE,False,False,False,False
5364737,20956,SUNCLAY,SUNDARAM CLAYTON,0.0,,0.0,0.1,1,EQ,NSE,NSE,False,False,False,False
5372929,20988,INDIGRID-IV,INDIGRID INFRASTRUCT TRST,0.0,,0.0,0.01,1,EQ,NSE,NSE,False,False,False,False
5376257,21001,PSB,PUNJAB & SIND BANK,0.0,,0.0,0.01,1,EQ,NSE,NSE,False,False,False,False
5380353,21017,FMNL,FUTURE MKT NETWORKS,0.0,,0.0,0.01,1,EQ,NSE,NSE,False,False,False,False
5391873,21062,INNOVACAP,INNOVA CAPTAB,0.0,,0.0,0.05,1,EQ,NSE,NSE,False,False,False,False
5395713,21077,SURANASOL,SURANA SOLAR,0.0,,0.0,0.01,1,EQ,NSE,NSE,False,False,False,False
5399297,21091,STARCEMENT,STAR CEMENT,0.0,,0.0,0.05,1,EQ,NSE,NSE,False,False,False,False
5400321,21095,SHEKHAWATI,SHEKHAWATI INDUSTRIES,0.0,,0.0,0.01,1,EQ,NSE,NSE,False,False,False,False
5404929,21113,BFINVEST,BF INVESTMENT,0.0,,0.0,0.05,1,EQ,NSE,NSE,False,False,False,False
5406465,21119,KICL,KALYANI INVEST CO,0.0,,0.0,0.1,1,EQ,NSE,NSE,False,False,False,False
5409537,21131,TEJASNET,TEJAS NETWORKS,0.0,,0.0,0.05,1,EQ,NSE,NSE,False,False,False,False
5415425,21154,ERIS,ERIS LIFESCIENCES,0.0,,0.0,0.1,1,EQ,NSE,NSE,False,False,False,False
5420545,21174,CDSL,CENTRAL DEPO SER (I),0.0,,0.0,0.1,1,EQ,NSE,NSE,False,False,True,False
5425921,21195,GTPL,GTPL HATHWAY,0.0,,0.0,0.01,1,EQ,NSE,NSE,False,False,False,False
5436929,21238,AUBANK,AU SMALL FINANCE BANK,0.0,,0.0,0.05,1,EQ,NSE,NSE,False,True,False,True
5439233,21247,DIGIDRIVE,DIGIDRIVE DISTRIBUTORS L,0.0,,0.0,0.01,1,EQ,NSE,NSE,False,False,False,False
5440513,21252,AXISNIFTY,AXISAMC - AXISNIFTY,0.0,,0.0,0.01,1,EQ,NSE,NSE,False,False,False,False
5441025,21254,LOWVOLIETF,ICICI PR NIF LW VL 30 ETF,0.0,,0.0,0.01,1,EQ,NSE,NSE,False,False,False,False
5446401,21275,SUMMITSEC,SUMMIT SECURITIES,0.0,,0.0,0.1,1,EQ,NSE,NSE,False,False,False,False
5456385,21314,DYNPRO,DYNEMIC PRODUCTS,0.0,,0.0,0.05,1,EQ,NSE,NSE,False,False,False,False
5461505,21334,JYOTICNC,JYOTI CNC AUTOMATION,0.0,,0.0,0.05,1,EQ,NSE,NSE,False,False,False,False
5462785,21339,STEELXIND,STEEL EXCHANGE INDIA,0.0,,0.0,0.01,1,EQ,NSE,NSE,False,False,False,False
5468673,21362,SALASAR,SALASAR TECHNO ENGG.,0.0,,0.0,0.01,1,EQ,NSE,NSE,False,False,False,False
5474049,21383,PALASHSECU,PALASH SECURITIES,0.0,,0.0,0.01,1,EQ,NSE,NSE,False,False,False,False
5476353,21392,MAGADSUGAR,MAGADH SUGAR & ENERGY,0.0,,0.0,0.05,1,EQ,NSE,NSE,False,False,False,False
5478145,21399,GANGESSECU,GANGES SECURITIES,0.0,,0.0,0.01,1,EQ,NSE,NSE,False,False,False,False
5478657,21401,TATAGOLD,TATAAML-TATAGOLD,0.0,,0.0,0.01,1,EQ,NSE,NSE,False,False,False,False
5479937,21406,AVADHSUGAR,AVADH SUG & ENERGY,0.0,,0.0,0.05,1,EQ,NSE,NSE,False,False,False,False
5484289,21423,MOM100,MOTILAL OS MIDCAP100 ETF,0.0,,0.0,0.01,1,EQ,NSE,NSE,False,False,False,False
5485313,21427,THEINVEST,THE INVEST TRUST OF IND L,0.0,,0.0,0.01,1,EQ,NSE,NSE,False,False,False,False
5485569,21428,TATSILV,TATAAML-TATSILV,0.0,,0.0,0.01,1,EQ,NSE,NSE,False,False,False,False
5496065,21469,OPTIEMUS,OPTIEMUS INFRACOM,0.0,,0.0,0.05,1,EQ,NSE,NSE,False,False,False,False
5498369,21478,UTINEXT50,UTIAMC - UTINEXT50,0.0,,0.0,0.01,1,EQ,NSE,NSE,False,False,False,False
5499905,21484,STEL,STEL HOLDINGS,0.0,,0.0,0.05,1,EQ,NSE,NSE,False,False,False,False
5504257,21501,SIS,SIS,0.0,,0.0,0.05,1,EQ,NSE,NSE,False,False,False,False
5506049,21508,COCHINSHIP,COCHIN SHIPYARD,0.0,,0.0,0.1,1,EQ,NSE,NSE,False,False,False,False
5517057,21551,SMSLIFE,SMS LIFESCIENCES (I),0.0,,0.0,0.1,1,EQ,NSE,NSE,False,False,False,False
5523969,21578,COMSYN,COMMERCIAL SYN BAGS,0.0,,0.0,0.01,1,EQ,NSE,NSE,False,False,False,False
5533185,21614,ABCAPITAL,ADITYA BIRLA CAPITAL,0.0,,0.0,0.05,1,EQ,NSE,NSE,False,False,False,False
5535489,21623,APEX,APEX FROZEN FOODS,0.0,,0.0,0.01,1,EQ,NSE,NSE,False,False,False,False
5549057,21676,HINDMOTORS,HINDUSTAN MOTORS,0.0,,0.0,0.01,1,EQ,NSE,NSE,False,False,False,False
5550849,21683,BRNL,BHARAT ROAD NETWORK,0.0,,0.0,0.01,1,EQ,NSE,NSE,False,False,False,False
5552641,21690,DIXON,DIXON TECHNO (INDIA),0.0,,0.0,1.0,1,EQ,NSE,NSE,False,False,False,True
5556225,21704,DCAL,DISHMAN CARBO AMCIS,0.0,,0.0,0.05,1,EQ,NSE,NSE,False,False,False,False
5556481,21705,MEDIASSIST,MEDI ASSIST HEALTH SER L,0.0,,0.0,0.05,1,EQ,NSE,NSE,False,False,False,False
5561089,21723,LASA-BE,LASA SUPERGENERICS,0.0,,0.0,0.01,1,EQ,NSE,NSE,False,False,False,False
5561857,21726,MATRIMONY,MATRIMONY.COM,0.0,,0.0,0.05,1,EQ,NSE,NSE,False,False,False,False
5564161,21735,737GR2054-GS,GOI LOAN   7.37% 2054,0.0,,0.0,0.01,1,EQ,NSE,NSE,False,False,False,False
5564673,21737,RHFL-BE,RELIANCE HOME FINANCE,0.0,,0.0,0.01,1,EQ,NSE,NSE,False,False,False,False
5565441,21740,CHOLAHLDNG,CHOLAMANDALAM FIN HOL,0.0,,0.0,0.1,1,EQ,NSE,NSE,False,False,False,False
5567233,21747,EDUCOMP-BZ,EDUCOMP SOLUTIONS,0.0,,0.0,0.01,1,EQ,NSE,NSE,False,False,False,False
5567745,21749,CAPACITE,CAPACITE INFRAPROJECT,0.0,,0.0,0.05,1,EQ,NSE,NSE,False,False,False,False
5568001,21750,LIQUIDCASE,ZERODHA NIFTY 1D RATE LIQUID ETF,0.0,,0.0,0.01,1,EQ,NSE,NSE,False,False,False,False
5573121,21770,ICICIGI,ICICI LOMBARD GIC,0.0,,0.0,0.1,1,EQ,NSE,NSE,False,False,False,True
5579265,21794,DAVANGERE,DAVANGERE SUGAR COMPANY L,0.0,,0.0,0.01,1,EQ,NSE,NSE,False,False,False,False
5582849,21808,SBILIFE,SBI LIFE INSURANCE CO,0.0,,0.0,0.1,1,EQ,NSE,NSE,True,False,False,False
5587969,21828,TEXRAIL,TEXMACO RAIL & ENG.,0.0,,0.0,0.01,1,EQ,NSE,NSE,False,False,False,False
5591041,21840,DIAMONDYD,PRATAAP SNACKS,0.0,,0.0,0.05,1,EQ,NSE,NSE,False,False,False,False
5619457,21951,HFCL,HFCL,0.0,,0.0,0.01,1,EQ,NSE,NSE,False,False,True,False
5620993,21957,INDTERRAIN,IND TERRAIN FASHIONS,0.0,,0.0,0.01,1,EQ,NSE,NSE,False,False,False,False
5621505,21959,NIFTYBETF,BFAM - NIFTYBETF,0.0,,0.0,0.01,1,EQ,NSE,NSE,False,False,False,False
5628417,21986,BANKBETF,BFAM - BANKBETF,0.0,,0.0,0.01,1,EQ,NSE,NSE,False,False,False,False
5691649,22233,DHUNINV,DHUNSERI INVESTMENTS,0.0,,0.0,0.1,1,EQ,NSE,NSE,False,False,False,False
5693185,22239,EBBETF0431,EDELAMC - EBBETF0431,0.0,,0.0,0.01,1,EQ,NSE,NSE,False,False,False,False
5693953,22242,SGBJUL28IV-GB,2.50%GOLDBONDS2028SR-IV,0.0,,0.0,0.01,1,EQ,NSE,NSE,False,False,False,False
5697281,22255,NDRAUTO,NDR AUTO COMPONENTS,0.0,,0.0,0.1,1,EQ,NSE,NSE,False,False,False,False
5702913,22277,WORTH,WORTH PERIPHERALS,0.0,,0.0,0.01,1,EQ,NSE,NSE,False,False,False,False
5704193,22282,TIRUPATIFL,TIRUPATI FORGE,0.0,,0.0,0.01,1,EQ,NSE,NSE,False,False,False,False
5706753,22292,577GS2030-GS,GOI LOAN 5.77% 2030,0.0,,0.0,0.01,1,EQ,NSE,NSE,False,False,False,False
5710849,22308,MINDSPACE-RR,MINDSPACE BUSINESS P REIT,0.0,,0.0,0.01,1,EQ,NSE,NSE,False,False,False,False
5720065,22344,ALPL30IETF,ICICIPRAMC - ICICIALPLV,0.0,,0.0,0.01,1,EQ,NSE,NSE,False,False,False,False
5720833,22347,MACPOWER,MACPOWER CNC MACHINES,0.0,,0.0,0.05,1,EQ,NSE,NSE,False,False,False,False
5724161,22360,MCL,MADHAV COPPER,0.0,,0.0,0.01,1,EQ,NSE,NSE,False,False,False,False
5725441,22365,ITIETF,ICICIPRAMC - ICICITECH,0.0,,0.0,0.01,1,EQ,NSE,NSE,False,False,False,False
5728513,22377,MAXHEALTH,MAX HEALTHCARE INS,0.0,,0.0,0.1,1,EQ,NSE,NSE,True,False,False,False
5730561,22385,SGBAUG28V-GB,2.50%GOLDBONDS2028SR-V,0.0,,0.0,0.01,1,EQ,NSE,NSE,False,False,False,False
5738241,22415,LOVABLE,LOVABLE LINGERIE,0.0,,0.0,0.01,1,EQ,NSE,NSE,False,False,False,False
5740289,22423,TOTAL,TOTAL TRANSPORT SYS,0.0,,0.0,0.01,1,EQ,NSE,NSE,False,False,False,False
5741569,22428,MAXIND,MAX INDIA,0.0,,0.0,0.01,1,EQ,NSE,NSE,False,False,False,False
5742849,22433,HDFCNIFBAN,HDFCAMC - HDFCNIFBAN,0.0,,0.0,0.01,1,EQ,NSE,NSE,False,False,False,False
5744129,22438,68GS2060-GS,GOI LOAN  6.8% 2060,0.0,,0.0,0.01,1,EQ,NSE,NSE,False,False,False,False
5744641,22440,UTIBANKETF,UTIAMC - UTIBANKETF,0.0,,0.0,0.01,1,EQ,NSE,NSE,False,False,False,False
5750529,22463,EPACK,EPACK DURABLE,0.0,,0.0,0.05,1,EQ,NSE,NSE,False,False,False,False
5753857,22476,SGBDE31III-GB,2.50%GOLDBONDS2031SR-III,0.0,,0.0,0.01,1,EQ,NSE,NSE,False,False,False,False
5754113,22477,NOVAAGRI,NOVA AGRITECH,0.0,,0.0,0.01,1,EQ,NSE,NSE,False,False,False,False
5756929,22488,NIFITETF,UTIAMC - NIFITETF,0.0,,0.0,0.01,1,EQ,NSE,NSE,False,False,False,False
5765377,22521,NIF5GETF,UTIAMC - NIF5GETF,0.0,,0.0,0.01,1,EQ,NSE,NSE,False,False,False,False
5766145,22524,NIF10GETF,UTIAMC - NIF10GETF,0.0,,0.0,0.01,1,EQ,NSE,NSE,False,False,False,False
5776897,22566,BLSE,BLS E-SERVICES,0.0,,0.0,0.01,1,EQ,NSE,NSE,False,False,False,False
5783553,22592,HEALTHADD,DSPAMC - HEALTHADD,0.0,,0.0,0.01,1,EQ,NSE,NSE,False,False,False,False
5784321,22595,HDFCPSUBK,HDFCAMC HDFCPSUBK,0.0,,0.0,0.01,1,EQ,NSE,NSE,False,False,False,False
5786113,22602,PFS,PTC INDIA FIN SERV,0.0,,0.0,0.01,1,EQ,NSE,NSE,False,False,False,False
5798145,22649,PARKHOTELS,PARKHOTELS,0.0,,0.0,0.01,1,EQ,NSE,NSE,False,False,False,False
5799937,22656,SIGNPOST,SIGNPOST INDIA,0.0,,0.0,0.05,1,EQ,NSE,NSE,False,False,False,False
5801729,22663,JSFB,JANA SMALL FIN BANK,0.0,,0.0,0.05,1,EQ,NSE,NSE,False,False,False,False
5803521,22670,RPTECH,RASHI PERIPHERALS,0.0,,0.0,0.05,1,EQ,NSE,NSE,False,False,False,False
5804801,22675,CAPITALSFB,CAPITAL SMALL FIN BANK L,0.0,,0.0,0.05,1,EQ,NSE,NSE,False,False,False,False
5815553,22717,ENTERO,ENTERO HEALTHCARE SOLU L,0.0,,0.0,0.1,1,EQ,NSE,NSE,False,False,False,False
5816833,22722,LICNMID100,LICNAMC - LICNMID100,0.0,,0.0,0.01,1,EQ,NSE,NSE,False,False,False,False
5818881,22730,VSTL,VIBHOR STEEL TUBES,0.0,,0.0,0.01,1,EQ,NSE,NSE,False,False,False,False
5821185,22739,MON100,MOTILAL OS NASDAQ100 ETF,0.0,,0.0,0.01,1,EQ,NSE,NSE,False,False,False,False
5842945,22824,JUNIPER,JUNIPER HOTELS,0.0,,0.0,0.05,1,EQ,NSE,NSE,False,False,False,False
5844993,22832,SMALLCAP,MIRAEAMC - SMALLCAP,0.0,,0.0,0.01,1,EQ,NSE,NSE,False,False,False,False
5848577,22846,GPTHEALTH,GPT HEALTHCARE,0.0,,0.0,0.01,1,EQ,NSE,NSE,False,False,False,False
5858817,22886,SGBFEB32IV-GB,2.50%GOLDBONDS2032SR-IV,0.0,,0.0,0.01,1,EQ,NSE,NSE,False,False,False,False
5862657,22901,GOLDCASE,ZERODHA GOLD ETF,0.0,,0.0,0.01,1,EQ,NSE,NSE,False,False,False,False
5870081,22930,PLATIND,PLATINUM INDUSTRIES,0.0,,0.0,0.05,1,EQ,NSE,NSE,False,False,False,False
5874433,22947,EXICOM,EXICOM TELE SYSTEMS,0.0,,0.0,0.01,1,EQ,NSE,NSE,False,False,False,False
5882881,22980,MUKKA,MUKKA PROTEINS,0.0,,0.0,0.01,1,EQ,NSE,NSE,False,False,False,False
5894913,23027,LANCORHOL,LANCOR HOLDINGS,0.0,,0.0,0.01,1,EQ,NSE,NSE,False,False,False,False
5897217,23036,INDUSINVIT-IV,INDUS INFRA TRUST,0.0,,0.0,0.01,1,EQ,NSE,NSE,False,False,False,False
5899009,23043,RKSWAMY,R K SWAMY,0.0,,0.0,0.01,1,EQ,NSE,NSE,False,False,False,False
5902337,23056,JGCHEM,J.G.CHEMICALS,0.0,,0.0,0.05,1,EQ,NSE,NSE,False,False,False,False
5904897,23066,GOPAL,GOPAL SNACKS,0.0,,0.0,0.05,1,EQ,NSE,NSE,False,False,False,False
5920513,23127,SCILAL,SHIPPING CORP OF ILA,0.0,,0.0,0.01,1,EQ,NSE,NSE,False,False,False,False
5924353,23142,PVSL,POPULAR VEHICLES N SER L,0.0,,0.0,0.01,1,EQ,NSE,NSE,False,False,False,False
5932801,23175,KRYSTAL,KRYSTAL INTEGRATED SER L,0.0,,0.0,0.05,1,EQ,NSE,NSE,False,False,False,False
5934337,23181,MOSMALL250,MOTILALAMC - MOSMALL250,0.0,,0.0,0.01,1,EQ,NSE,NSE,False,False,False,False
5935105,23184,MOREALTY,MOTILALAMC - MOREALTY,0.0,,0.0,0.01,1,EQ,NSE,NSE,False,False,False,False
5981953,23367,SABTNL-BE,SRI ADHIKARI BRO TELE N L,0.0,,0.0,0.1,1,EQ,NSE,NSE,False,False,False,False
5986817,23386,VHLTD-BE,VICEROY HOTELS,0.0,,0.0,0.01,1,EQ,NSE,NSE,False,False,False,False
5990913,23402,SRM,SRM CONTRACTORS,0.0,,0.0,0.05,1,EQ,NSE,NSE,False,False,False,False
5992193,23407,LIQUIDADD,DSPAMC - LIQUIDADD,0.0,,0.0,0.01,1,EQ,NSE,NSE,False,False,False,False
6006529,23463,71GS2034-GS,GOI LOAN  7.1% 2034,0.0,,0.0,0.01,1,EQ,NSE,NSE,False,False,False,False
6010881,23480,SINCLAIR,SINCLAIRS HOTELS,0.0,,0.0,0.01,1,EQ,NSE,NSE,False,False,False,False
6013185,23489,BHARTIHEXA,BHARTI HEXACOM,0.0,,0.0,0.1,1,EQ,NSE,NSE,False,False,False,False
6018305,23509,UEL-BE,UJAAS ENERGY,0.0,,0.0,0.05,1,EQ,NSE,NSE,False,False,False,False
6019073,23512,TARACHAND,TARA CHAND INFRA SOLN,0.0,,0.0,0.01,1,EQ,NSE,NSE,False,False,False,False
6020609,23518,723GS2039-GS,GOI LOAN  7.23% 2039,0.0,,0.0,0.01,1,EQ,NSE,NSE,False,False,False,False
6029569,23553,AIIL,AUTHUM INVEST & INFRA,0.0,,0.0,0.1,1,EQ,NSE,NSE,False,False,False,False
6030849,23558,734GS2064-GS,GOI LOAN  7.34% 2064,0.0,,0.0,0.01,1,EQ,NSE,NSE,False,False,False,False
6039041,23590,GLOSTERLTD,GLOSTER,0.0,,0.0,0.05,1,EQ,NSE,NSE,False,False,False,False
6043393,23607,BALUFORGE,BALU FORGE INDUSTRIES,0.0,,0.0,0.05,1,EQ,NSE,NSE,False,False,False,False
6046977,23621,JNKINDIA,JNK INDIA,0.0,,0.0,0.05,1,EQ,NSE,NSE,False,False,False,False
6053633,23647,FILATFASH,FILATEX FASHIONS,0.0,,0.0,0.01,1,EQ,NSE,NSE,False,False,False,False
6054401,23650,MUTHOOTFIN,MUTHOOT FINANCE,0.0,,0.0,0.1,1,EQ,NSE,NSE,False,False,False,False
6063873,23687,ANURAS-W1,ANUPAM RASAYAN INDIA,0.0,,0.0,0.05,1,EQ,NSE,NSE,False,False,False,False
6065409,23693,INDGN,INDEGENE,0.0,,0.0,0.05,1,EQ,NSE,NSE,False,False,False,False
6074625,23729,AADHARHFC,AADHAR HOUSING FINANCE L,0.0,,0.0,0.05,1,EQ,NSE,NSE,False,False,False,False
6077441,23740,TBOTEK,TBO TEK,0.0,,0.0,0.1,1,EQ,NSE,NSE,False,False,False,False
6092545,23799,GODIGIT,GO DIGIT GENERAL INS,0.0,,0.0,0.05,1,EQ,NSE,NSE,False,False,False,False
6093825,23804,BSLGOLDETF,ADITYBIRLA SL GOLD ETF-GR,0.0,,0.0,0.01,1,EQ,NSE,NSE,False,False,False,False
6094337,23806,ABSLPSE,BIRLASLAMC-ABSLPSE,0.0,,0.0,0.01,1,EQ,NSE,NSE,False,False,False,False
6106625,23854,702GS2027-GS,GOI LOAN  7.02% 2027,0.0,,0.0,0.01,1,EQ,NSE,NSE,False,False,False,False
6106881,23855,MIDSMALL,MIRAEAMC - MIDSMALL,0.0,,0.0,0.01,1,EQ,NSE,NSE,False,False,False,False
6109185,23864,AWFIS,AWFIS SPACE SOLUTIONS,0.0,,0.0,0.05,1,EQ,NSE,NSE,False,False,False,False
6122241,23915,LIQUIDBETF,BFAM - LIQUIDBETF,0.0,,0.0,0.01,1,EQ,NSE,NSE,False,False,False,False
6123265,23919,704GS2029-GS,GOI LOAN  7.04% 2029,0.0,,0.0,0.01,1,EQ,NSE,NSE,False,False,False,False
6147585,24014,BOROSCI,BOROSIL SCIENTIFIC,0.0,,0.0,0.01,1,EQ,NSE,NSE,False,False,False,False
6150401,24025,KRONOX,KRONOX LAB SCIENCES,0.0,,0.0,0.01,1,EQ,NSE,NSE,False,False,False,False
6161153,24067,IXIGO,LE TRAVENUES TECHNOLOGY L,0.0,,0.0,0.05,1,EQ,NSE,NSE,False,False,False,False
6162433,24072,702GS2031-GS,GOI LOAN  7.02% 2031,0.0,,0.0,0.01,1,EQ,NSE,NSE,False,False,False,False
6163713,24077,MID150CASE,ZERODHA NIFTY MIDCAP 150 ETF,0.0,,0.0,0.01,1,EQ,NSE,NSE,False,False,False,False
6164737,24081,TOP100CASE,ZERODHA NIFTY LARGECAP 100 ETF,0.0,,0.0,0.01,1,EQ,NSE,NSE,False,False,False,False
6171393,24107,SKIL-BZ,SKIL INFRASTRUCTURE,0.0,,0.0,0.01,1,EQ,NSE,NSE,False,False,False,False
6173953,24117,BBNPNBETF,BARODABNP - BBNPNBETF,0.0,,0.0,0.01,1,EQ,NSE,NSE,False,False,False,False
6181121,24145,RETAIL,JHS SVENDGAARD RETAIL V L,0.0,,0.0,0.01,1,EQ,NSE,NSE,False,False,False,False
6183425,24154,DEEDEV,DEE DEVELOPMENT ENG,0.0,,0.0,0.05,1,EQ,NSE,NSE,False,False,False,False
6184705,24159,AFIL,AKME FINTRADE (INDIA),0.0,,0.0,0.01,1,EQ,NSE,NSE,False,False,False,False
6191105,24184,PIIND,PI INDUSTRIES,0.0,,0.0,0.1,1,EQ,NSE,NSE,False,False,False,False
6192641,24190,SYMPHONY,SYMPHONY,0.0,,0.0,0.05,1,EQ,NSE,NSE,False,False,False,False
6194177,24196,VADILALIND,VADILAL INDUSTRIES,0.0,,0.0,0.5,1,EQ,NSE,NSE,False,False,False,False
6199553,24217,IVZINNIFTY,INVESCO INDIA NIFTY ETF,0.0,,0.0,0.01,1,EQ,NSE,NSE,False,False,False,False
6201601,24225,RELAXO,RELAXO FOOT,0.0,,0.0,0.05,1,EQ,NSE,NSE,False,False,False,False
6201857,24226,STANLEY,STANLEY LIFESTYLES,0.0,,0.0,0.05,1,EQ,NSE,NSE,False,False,False,False
6203137,24231,OMINFRAL,OM INFRA,0.0,,0.0,0.01,1,EQ,NSE,NSE,False,False,False,False
6211841,24265,ESTER,ESTER INDUSTRIES,0.0,,0.0,0.01,1,EQ,NSE,NSE,False,False,False,False
6218753,24292,VSTTILLERS,VST TILLERS TRACTORS,0.0,,0.0,0.5,1,EQ,NSE,NSE,False,False,False,False
6222849,24308,ABDL,ALLIED BLEND N DISTILS L,0.0,,0.0,0.05,1,EQ,NSE,NSE,False,False,False,False
6226177,24321,VRAJ,VRAJ IRON AND STEEL,0.0,,0.0,0.01,1,EQ,NSE,NSE,False,False,False,False
6237697,24366,SBISILVER,SBIAMC - SBISILVER,0.0,,0.0,0.01,1,EQ,NSE,NSE,False,False,False,False
6239745,24374,LIQUIDSHRI,SHRIRAM - LIQUIDSHRI,0.0,,0.0,0.01,1,EQ,NSE,NSE,False,False,False,False
6241281,24380,RELIABLE-BE,RELIABLE DATA SERVICE,0.0,,0.0,0.01,1,EQ,NSE,NSE,False,False,False,False
6242561,24385,KARMAENG,KARMA ENERGY,0.0,,0.0,0.01,1,EQ,NSE,NSE,False,False,False,False
6242817,24386,BANSALWIRE,BANSAL WIRE INDUSTRIES L,0.0,,0.0,0.05,1,EQ,NSE,NSE,False,False,False,False
6245121,24395,DELPHIFX-BE,DELPHI WORLD MONEY,0.0,,0.0,0.01,1,EQ,NSE,NSE,False,False,False,False
6245889,24398,EMCURE,EMCURE PHARMACEUTICALS L,0.0,,0.0,0.1,1,EQ,NSE,NSE,False,False,False,False
6247169,24403,ASHIANA,ASHIANA HOUSING,0.0,,0.0,0.05,1,EQ,NSE,NSE,False,False,False,False
6247425,24404,ABGSEC,BIRLASLAMC - ABGSEC,0.0,,0.0,0.01,1,EQ,NSE,NSE,False,False,False,False
6248705,24409,DHANUKA,DHANUKA AGRITECH,0.0,,0.0,0.1,1,EQ,NSE,NSE,False,False,False,False
6257921,24445,AGIIL,AGI INFRA,0.0,,0.0,0.1,1,EQ,NSE,NSE,False,False,False,False
6262017,24461,EVINDIA,MIRAEAMC - EVINDIA,0.0,,0.0,0.01,1,EQ,NSE,NSE,False,False,False,False
6278145,24524,SBINEQWETF,SBIAMC - SBINEQWETF,0.0,,0.0,0.01,1,EQ,NSE,NSE,False,False,False,False
6280193,24532,FILATEX,FILATEX INDIA,0.0,,0.0,0.01,1,EQ,NSE,NSE,False,False,False,False
6280449,24533,OILIETF,ICICIPRAMC - OILIETF,0.0,,0.0,0.01,1,EQ,NSE,NSE,False,False,False,False
6281729,24538,MAITHANALL,MAITHAN ALLOYS,0.0,,0.0,0.1,1,EQ,NSE,NSE,False,False,False,False
6292993,24582,SANSTAR,SANSTAR,0.0,,0.0,0.01,1,EQ,NSE,NSE,False,False,False,False
6296321,24595,RUSHIL,RUSHIL DECOR,0.0,,0.0,0.01,1,EQ,NSE,NSE,False,False,False,False
6296577,24596,RELTD,RAVINDRA ENERGY,0.0,,0.0,0.01,1,EQ,NSE,NSE,False,False,False,False
6300161,24610,AVANTEL,AVANTEL,0.0,,0.0,0.01,1,EQ,NSE,NSE,False,False,False,False
6324481,24705,697GR2034-GS,GOI LOAN   6.97% 2034,0.0,,0.0,0.01,1,EQ,NSE,NSE,False,False,False,False
6327041,24715,AKUMS,AKUMS DRUGS AND PHARMA L,0.0,,0.0,0.05,1,EQ,NSE,NSE,False,False,False,False
6330881,24730,RUBFILA,RUBFILA INTERNATIONAL,0.0,,0.0,0.01,1,EQ,NSE,NSE,False,False,False,False
6332161,24735,RPEL,RAGHAV PRODUCTIVITY ENH L,0.0,,0.0,0.05,1,EQ,NSE,NSE,False,False,False,False
6333953,24742,CEIGALL,CEIGALL INDIA,0.0,,0.0,0.01,1,EQ,NSE,NSE,False,False,False,False
6343425,24779,OLAELEC-BE,OLA ELECTRIC MOBILITY,0.0,,0.0,0.01,1,EQ,NSE,NSE,False,False,False,False
6343937,24781,BSLNIFTY,ADITYBIRLA SL NIF ETF-GR,0.0,,0.0,0.01,1,EQ,NSE,NSE,False,False,False,False
6348289,24798,GROWWEV,GROWWAMC - GROWWEV,0.0,,0.0,0.01,1,EQ,NSE,NSE,False,False,False,False
6351105,24809,UNIECOM,UNICOMMERCE ESOLUTIONS L,0.0,,0.0,0.01,1,EQ,NSE,NSE,False,False,False,False
6352385,24814,FIRSTCRY,BRAINBEES SOLUTIONS,0.0,,0.0,0.05,1,EQ,NSE,NSE,False,False,False,False
6354689,24823,MANCREDIT,MANGAL CREDIT N FINCORP L,0.0,,0.0,0.01,1,EQ,NSE,NSE,False,False,False,False
6360833,24847,GSEC10ABSL,BIRLASLAMC - GSEC10ABSL,0.0,,0.0,0.01,1,EQ,NSE,NSE,False,False,False,False
6361857,24851,SUYOG,SUYOG TELEMATICS,0.0,,0.0,0.05,1,EQ,NSE,NSE,False,False,False,False
6363137,24856,SSDL,SARASWATI SAREE DEPOT,0.0,,0.0,0.01,1,EQ,NSE,NSE,False,False,False,False
6364417,24861,METALIETF,ICICIPRAMC - METALIETF,0.0,,0.0,0.01,1,EQ,NSE,NSE,False,False,False,False
6366721,24870,INVENTURE,INVENTURE GRO & SEC,0.0,,0.0,0.01,1,EQ,NSE,NSE,False,False,False,False
6376705,24909,INTERARCH,INTERARCH BLDNG SOLTN,0.0,,0.0,0.1,1,EQ,NSE,NSE,False,False,False,False
6381569,24928,ELGIRUBCO-BE,ELGI RUBBER CO.,0.0,,0.0,0.01,1,EQ,NSE,NSE,False,False,False,False
6382593,24932,GLOBALE,GLOBALE TESSILE,0.0,,0.0,0.01,1,EQ,NSE,NSE,False,False,False,False
6383873,24937,MFML,MAHALAXMI FABRIC MILLS LT,0.0,,0.0,0.01,1,EQ,NSE,NSE,False,False,False,False
6385665,24944,MODEFENCE,MOTILALAMC - MODEFENCE,0.0,,0.0,0.01,1,EQ,NSE,NSE,False,False,False,False
6386689,24948,LTF,L&T FINANCE,0.0,,0.0,0.01,1,EQ,NSE,NSE,False,False,False,False
6386945,24949,709GS2054-GS,GOI LOAN  7.09% 2054,0.0,,0.0,0.01,1,EQ,NSE,NSE,False,False,False,False
6390017,24961,ORIENTTECH,ORIENT TECHNOLOGIES,0.0,,0.0,0.05,1,EQ,NSE,NSE,False,False,False,False
6391297,24966,SURAJLTD,SURAJ,0.0,,0.0,0.05,1,EQ,NSE,NSE,False,False,False,False
6392065,24969,WINDMACHIN,WINDSOR MACHINES,0.0,,0.0,0.05,1,EQ,NSE,NSE,False,False,False,False
6400769,25003,YAARI-BE,YAARI DIGI INT SER,0.0,,0.0,0.01,1,EQ,NSE,NSE,False,False,False,False
6404353,25017,BODALCHEM,BODAL CHEMICALS,0.0,,0.0,0.01,1,EQ,NSE,NSE,False,False,False,False
6412545,25049,PREMIERENE,PREMIER ENERGIES,0.0,,0.0,0.05,1,EQ,NSE,NSE,False,False,False,False
6415361,25060,ECOSMOBLTY,ECOS (INDIA) MOB & HOSP L,0.0,,0.0,0.05,1,EQ,NSE,NSE,False,False,False,False
6418689,25073,RAYMONDLSL,RAYMOND LIFESTYLE,0.0,,0.0,0.1,1,EQ,NSE,NSE,False,False,False,False
6420481,25080,MULTICAP,MIRAEAMC - MULTICAP,0.0,,0.0,0.01,1,EQ,NSE,NSE,False,False,False,False
6420993,25082,TREEHOUSE,TREE HOUSE EDU,0.0,,0.0,0.01,1,EQ,NSE,NSE,False,False,False,False
6422529,25088,ASAHISONG,ASAHI SONGWON COLOR,0.0,,0.0,0.05,1,EQ,NSE,NSE,False,False,False,False
6429185,25114,STYLEBAAZA,BAAZAR STYLE RETAIL,0.0,,0.0,0.05,1,EQ,NSE,NSE,False,False,False,False
6434305,25134,GALAPREC,GALA PRECISION ENG,0.0,,0.0,0.05,1,EQ,NSE,NSE,False,False,False,False
6434817,25136,BROOKS,BROOKS LAB,0.0,,0.0,0.01,1,EQ,NSE,NSE,False,False,False,False
6440193,25157,RVTH,REVATHI EQUIPMENT INDIA L,0.0,,0.0,0.05,1,EQ,NSE,NSE,False,False,False,False
6441473,25162,EUREKAFORB,EUREKA FORBES,0.0,,0.0,0.05,1,EQ,NSE,NSE,False,False,False,False
6443777,25171,TOP10ADD,DSPAMC - TOP10ADD,0.0,,0.0,0.01,1,EQ,NSE,NSE,False,False,False,False
6445569,25178,TDPOWERSYS,TD POWER SYSTEMS,0.0,,0.0,0.05,1,EQ,NSE,NSE,False,False,True,False
6451969,25203,BALAJEE,SHREE TIRUPATI BALAJEE L,0.0,,0.0,0.01,1,EQ,NSE,NSE,False,False,False,False
6456833,25222,SANOFICONR,SANOFI CONS HEALTHC IND L,0.0,,0.0,0.5,1,EQ,NSE,NSE,False,False,False,False
6460161,25235,XTGLOBAL,XTGLOBAL INFOTECH,0.0,,0.0,0.01,1,EQ,NSE,NSE,False,False,False,False
6464513,25252,KROSS,KROSS,0.0,,0.0,0.01,1,EQ,NSE,NSE,False,False,False,False
6466049,25258,EBANKNIFTY,EDELAMC - EBANKNIFTY,0.0,,0.0,0.01,1,EQ,NSE,NSE,False,False,False,False
6467073,25262,TOLINS,TOLINS TYRES,0.0,,0.0,0.01,1,EQ,NSE,NSE,False,False,False,False
6469121,25270,BAJAJHFL,BAJAJ HOUSING FINANCE,0.0,,0.0,0.01,1,EQ,NSE,NSE,False,False,False,False
6479873,25312,PNGJL,P N GADGIL JEWELLERS,0.0,,0.0,0.05,1,EQ,NSE,NSE,False,False,False,False
6483969,25328,APLLTD,ALEMBIC PHARMA,0.0,,0.0,0.05,1,EQ,NSE,NSE,False,False,False,False
6488065,25344,VASWANI-BE,VASWANI IND,0.0,,0.0,0.01,1,EQ,NSE,NSE,False,False,False,False
6491649,25358,PGEL,PG ELECTROPLAST,0.0,,0.0,0.05,1,EQ,NSE,NSE,False,False,True,False
6500353,25392,PANAMAPET,PANAMA PETROCHEM,0.0,,0.0,0.05,1,EQ,NSE,NSE,False,False,False,False
6501889,25398,ARKADE,ARKADE DEVELOPERS,0.0,,0.0,0.01,1,EQ,NSE,NSE,False,False,False,False
6503169,25403,WCIL,WESTERN CARRIERS (IND) L,0.0,,0.0,0.01,1,EQ,NSE,NSE,False,False,False,False
6509057,25426,NORTHARC,NORTHERN ARC CAPITAL,0.0,,0.0,0.01,1,EQ,NSE,NSE,False,False,False,False
6514433,25447,GROWWLIQID,GROWWAMC - GROWWLIQID,0.0,,0.0,0.01,1,EQ,NSE,NSE,False,False,False,False
6519809,25468,PAISALO,PAISALO DIGITAL,0.0,,0.0,0.01,1,EQ,NSE,NSE,False,False,False,False
6523393,25482,TIJARIA,TIJARIA POLYPIPES,0.0,,0.0,0.01,1,EQ,NSE,NSE,False,False,False,False
6525953,25492,ONELIFECAP,ONELIFE CAP ADVISORS,0.0,,0.0,0.01,1,EQ,NSE,NSE,False,False,False,False
6528769,25503,INDOUS,INDO US BIOTECH,0.0,,0.0,0.01,1,EQ,NSE,NSE,False,False,False,False
6531073,25512,FLEXITUFF,FLEXITUFF VENTURES INT L,0.0,,0.0,0.01,1,EQ,NSE,NSE,False,False,False,False
6546945,25574,SHAKTIPUMP,SHAKTI PUMPS (I),0.0,,0.0,0.05,1,EQ,NSE,NSE,False,False,False,False
6549505,25584,TRITURBINE,TRIVENI TURBINE,0.0,,0.0,0.05,1,EQ,NSE,NSE,False,False,False,False
6552833,25597,MANBA,MANBA FINANCE,0.0,,0.0,0.01,1,EQ,NSE,NSE,False,False,False,False
6555137,25606,MOMENTUM50,MOTILALAMC - MOMENTUM50,0.0,,0.0,0.01,1,EQ,NSE,NSE,False,False,False,False
6555649,25608,INDOTHAI,INDO THAI SEC,0.0,,0.0,0.01,1,EQ,NSE,NSE,False,False,False,False
6560257,25626,UYFINCORP,U. Y. FINCORP,0.0,,0.0,0.01,1,EQ,NSE,NSE,False,False,False,False
6562305,25634,ESSARSHPNG,ESSAR SHIPPING,0.0,,0.0,0.01,1,EQ,NSE,NSE,False,False,False,False
6563841,25640,LICMFGOLD,LIC MF - LIC GOLD ETF,0.0,,0.0,0.05,1,EQ,NSE,NSE,False,False,False,False
6564609,25643,KRN,KRN HEAT EXCHANGE N REF L,0.0,,0.0,0.05,1,EQ,NSE,NSE,False,False,False,False
6572033,25672,DIFFNKG,DIFFUSION ENGINEERS,0.0,,0.0,0.05,1,EQ,NSE,NSE,False,False,False,False
6575105,25684,JISLDVREQS,JAIN DVR EQUITY SHARES,0.0,,0.0,0.01,1,EQ,NSE,NSE,False,False,False,False
6576641,25690,DSSL,DYNACONS SYS & SOLN,0.0,,0.0,0.05,1,EQ,NSE,NSE,False,False,False,False
6583809,25718,POLYMED,POLY MEDICURE,0.0,,0.0,0.1,1,EQ,NSE,NSE,False,False,False,False
6585345,25724,RUPA,RUPA & COMPANY,0.0,,0.0,0.01,1,EQ,NSE,NSE,False,False,False,False
6585601,25725,BANKPSU,MIRAEAMC - BANKPSU,0.0,,0.0,0.01,1,EQ,NSE,NSE,False,False,False,False
6588417,25736,679GS2034-GS,GOI LOAN  6.79% 2034,0.0,,0.0,0.01,1,EQ,NSE,NSE,False,False,False,False
6589441,25740,SRD-BE,SHANKAR LAL RAMPAL,0.0,,0.0,0.01,1,EQ,NSE,NSE,False,False,False,False
6590465,25744,METAL,MIRAEAMC - METAL,0.0,,0.0,0.01,1,EQ,NSE,NSE,False,False,False,False
6593537,25756,VIKASECO,VIKAS ECOTECH,0.0,,0.0,0.01,1,EQ,NSE,NSE,False,False,False,False
6594049,25758,GROWWDEFNC,GROWWAMC - GROWWDEFNC,0.0,,0.0,0.01,1,EQ,NSE,NSE,False,False,False,False
6599681,25780,APLAPOLLO,APL APOLLO TUBES,0.0,,0.0,0.1,1,EQ,NSE,NSE,False,False,False,True
6601217,25786,KANANIIND,KANANI INDUSTRIES,0.0,,0.0,0.01,1,EQ,NSE,NSE,False,False,False,False
6604801,25800,GARUDA,GARUDA CONSTRUCT N ENG L,0.0,,0.0,0.01,1,EQ,NSE,NSE,False,False,False,False
6606593,25807,LLOYDSENT,LLOYDS ENTERPRISES,0.0,,0.0,0.01,1,EQ,NSE,NSE,False,False,False,False
6613761,25835,VINCOFE,VINTAGE COFFEE N BVRGS L,0.0,,0.0,0.01,1,EQ,NSE,NSE,False,False,False,False
6616065,25844,HYUNDAI,HYUNDAI MOTOR INDIA,0.0,,0.0,0.1,1,EQ,NSE,NSE,False,False,False,False
6617857,25851,VAL30IETF,ICICIPRAMC - VAL30IETF,0.0,,0.0,0.01,1,EQ,NSE,NSE,False,False,False,False
6618881,25855,AFFORDABLE,AFFORD ROBO & AUTO,0.0,,0.0,0.05,1,EQ,NSE,NSE,False,False,False,False
6623233,25872,GROWWGOLD,GROWWAMC - GROWWGOLD,0.0,,0.0,0.01,1,EQ,NSE,NSE,False,False,False,False
6624257,25876,MORARJEE-BZ,MORARJEE TEXTILES,0.0,,0.0,0.01,1,EQ,NSE,NSE,False,False,False,False
6624769,25878,ANKITMETAL-BZ,ANKIT MET & POW,0.0,,0.0,0.01,1,EQ,NSE,NSE,False,False,False,False
6625537,25881,IMPEXFERRO-BZ,IMPEX FERRO TECH,0.0,,0.0,0.01,1,EQ,NSE,NSE,False,False,False,False
6625793,25882,MEP-BZ,MEP INFRA. DEVELOPERS,0.0,,0.0,0.01,1,EQ,NSE,NSE,False,False,False,False
6628353,25892,DBEIL,DEEPAK BUILDERS & ENG I L,0.0,,0.0,0.01,1,EQ,NSE,NSE,False,False,False,False
6629633,25897,MINDACORP,MINDA CORPORATION,0.0,,0.0,0.05,1,EQ,NSE,NSE,False,False,False,False
6632193,25907,WAAREEENER,WAAREE ENERGIES,0.0,,0.0,0.1,1,EQ,NSE,NSE,False,False,False,True
6635009,25918,OCCLLTD,OCCL,0.0,,0.0,0.01,1,EQ,NSE,NSE,False,False,False,False
6640897,25941,GODAVARIB,GODAVARI BIOREFINERIES L,0.0,,0.0,0.01,1,EQ,NSE,NSE,False,False,False,False
6650113,25977,AFCONS,AFCONS INFRASTRUCTURE,0.0,,0.0,0.05,1,EQ,NSE,NSE,False,False,False,False
6651905,25984,AVL,ADITYA VISION,0.0,,0.0,0.05,1,EQ,NSE,NSE,False,False,False,False
6654977,25996,EMULTIMQ,EDELAMC - EMULTIMQ,0.0,,0.0,0.01,1,EQ,NSE,NSE,False,False,False,False
6914049,27008,HEXATRADEX,HEXA TRADEX,0.0,,0.0,0.01,1,EQ,NSE,NSE,False,False,False,False
6917121,27020,ABINFRA,A B INFRABUILD,0.0,,0.0,0.01,1,EQ,NSE,NSE,False,False,False,False
6921473,27037,TBZ,TRIB BHIMJI ZAVERI,0.0,,0.0,0.01,1,EQ,NSE,NSE,False,False,False,False
6924033,27047,MASTERTR,MASTER TRUST,0.0,,0.0,0.01,1,EQ,NSE,NSE,False,False,False,False
6925313,27052,SAGILITY,SAGILITY,0.0,,0.0,0.01,1,EQ,NSE,NSE,False,False,False,False
6927617,27061,ACMESOLAR,ACME SOLAR HOLDINGS,0.0,,0.0,0.05,1,EQ,NSE,NSE,False,False,False,False
6928897,27066,SWIGGY,SWIGGY,0.0,,0.0,0.05,1,EQ,NSE,NSE,False,False,False,True
6929153,27067,VSSL,VARDHMAN SPC STEEL,0.0,,0.0,0.05,1,EQ,NSE,NSE,False,False,False,False
6931201,27075,LIQUIDPLUS,MIRAEAMC - LIQUIDPLUS,0.0,,0.0,0.01,1,EQ,NSE,NSE,False,False,False,False
6932225,27079,KPEL,K.P. ENERGY,0.0,,0.0,0.05,1,EQ,NSE,NSE,False,False,False,False
6933505,27084,KMEW,KNOWLEDGE MARINE & EN W L,0.0,,0.0,0.1,1,EQ,NSE,NSE,False,False,False,False
6936321,27095,SWANCORP,SWAN CORP,0.0,,0.0,0.05,1,EQ,NSE,NSE,False,False,False,False
6936833,27097,NIVABUPA,NIVA BUPA HEALTH INS CO L,0.0,,0.0,0.01,1,EQ,NSE,NSE,False,False,False,False
6939393,27107,SPECIALITY,SPECIALITY REST,0.0,,0.0,0.01,1,EQ,NSE,NSE,False,False,False,False
6944513,27127,692GS2039-GS,GOI LOAN   6.92% 2039,0.0,,0.0,0.01,1,EQ,NSE,NSE,False,False,False,False
6948865,27144,BLACKBUCK,BLACKBUCK,0.0,,0.0,0.05,1,EQ,NSE,NSE,False,False,False,False
6953217,27161,CINELINE,CINELINE INDIA,0.0,,0.0,0.01,1,EQ,NSE,NSE,False,False,False,False
6955521,27170,709GS2074-GS,GOI LOAN   7.09% 2074,0.0,,0.0,0.01,1,EQ,NSE,NSE,False,False,False,False
6955777,27171,RACLGEAR,RACL GEARTECH,0.0,,0.0,0.05,1,EQ,NSE,NSE,False,False,False,False
6957057,27176,NTPCGREEN,NTPC GREEN ENERGY,0.0,,0.0,0.01,1,EQ,NSE,NSE,False,False,False,False
6966529,27213,EIEL,ENVIRO INFRA ENGINEERS L,0.0,,0.0,0.01,1,EQ,NSE,NSE,False,False,False,False
6981889,27273,679GS2034A-GS,GOI LOAN   6.79% 2034,0.0,,0.0,0.01,1,EQ,NSE,NSE,False,False,False,False
6988033,27297,RTNINDIA,RATTANINDIA ENT,0.0,,0.0,0.01,1,EQ,NSE,NSE,False,False,False,False
6989569,27303,SAMPANN,SAMPANN UTPADAN INDIA,0.0,,0.0,0.01,1,EQ,NSE,NSE,False,False,False,False
6997505,27334,SURAKSHA,SURAKSHA DIAGNOSTIC,0.0,,0.0,0.05,1,EQ,NSE,NSE,False,False,False,False
7002369,27353,ROSSTECH,ROSSELL TECHSYS,0.0,,0.0,0.05,1,EQ,NSE,NSE,False,False,False,False
7015681,27405,664GS2027-GS,GOI LOAN   6.64% 2027,0.0,,0.0,0.01,1,EQ,NSE,NSE,False,False,False,False
7059201,27575,ODIGMA-BE,ODIGMA CONSULTANCY SOL L,0.0,,0.0,0.01,1,EQ,NSE,NSE,False,False,False,False
7109889,27773,INNOVANA-BE,INNOVANA THINKLABS,0.0,,0.0,0.05,1,EQ,NSE,NSE,False,False,False,False
7121665,27819,698GR2054-GS,GOI LOAN   6.98% 2054,0.0,,0.0,0.01,1,EQ,NSE,NSE,False,False,False,False
7126785,27839,SAILIFE,SAI LIFE SCIENCES,0.0,,0.0,0.05,1,EQ,NSE,NSE,False,False,True,False
7160065,27969,VMM,VISHAL MEGA MART,0.0,,0.0,0.01,1,EQ,NSE,NSE,False,False,False,True
7179777,28046,MOBIKWIK,ONE MOBIKWIK SYSTEMS,0.0,,0.0,0.01,1,EQ,NSE,NSE,False,False,False,False
7200001,28125,IKS,INVENTURUS KNOWLEDGE SO L,0.0,,0.0,0.1,1,EQ,NSE,NSE,False,False,False,False
7248385,28314,ANUHPHR,ANUH PHARMA,0.0,,0.0,0.01,1,EQ,NSE,NSE,False,False,False,False
7264769,28378,IGIL,INTERNATIO GEMM INS (I) L,0.0,,0.0,0.05,1,EQ,NSE,NSE,False,False,False,False
7303681,28530,675GS2029-GS,GOI LOAN   6.75% 2029,0.0,,0.0,0.01,1,EQ,NSE,NSE,False,False,False,False
7330561,28635,SRPL-BZ,SHREE RAM PROTEINS,0.0,,0.0,0.01,1,EQ,NSE,NSE,False,False,False,False
7333377,28646,SUULD-BZ,SUUMAYA INDUSTRIES,0.0,,0.0,0.01,1,EQ,NSE,NSE,False,False,False,False
7337473,28662,DAMCAPITAL,DAM CAPITAL ADVISORS,0.0,,0.0,0.01,1,EQ,NSE,NSE,False,False,False,False
7343873,28687,MAMATA,MAMATA MACHINERY,0.0,,0.0,0.05,1,EQ,NSE,NSE,False,False,False,False
7350785,28714,TRANSRAILL,TRANSRAIL LIGHTING,0.0,,0.0,0.05,1,EQ,NSE,NSE,False,False,False,False
7363585,28764,CEWATER,CONCORD ENVIRO SYSTEMS L,0.0,,0.0,0.05,1,EQ,NSE,NSE,False,False,False,False
7374081,28805,SANATHAN,SANATHAN TEXTILES,0.0,,0.0,0.05,1,EQ,NSE,NSE,False,False,False,False
7384833,28847,VENTIVE,VENTIVE HOSPITALITY,0.0,,0.0,0.05,1,EQ,NSE,NSE,False,False,False,False
7387905,28859,PROZONER,PROZONE REALTY,0.0,,0.0,0.01,1,EQ,NSE,NSE,False,False,False,False
7393025,28879,CARRARO,CARRARO INDIA,0.0,,0.0,0.05,1,EQ,NSE,NSE,False,False,False,False
7395329,28888,SENORES,SENORES PHARMACEUTICALS L,0.0,,0.0,0.05,1,EQ,NSE,NSE,False,False,False,False
7396865,28894,679GS2031-GS,GOI LOAN   6.79% 2031,0.0,,0.0,0.01,1,EQ,NSE,NSE,False,False,False,False
7398145,28899,KITEX,KITEX GARMENTS,0.0,,0.0,0.01,1,EQ,NSE,NSE,False,False,False,False
7399937,28906,MAYURUNIQ,MAYUR UNIQUOTERS,0.0,,0.0,0.05,1,EQ,NSE,NSE,False,False,False,False
7401729,28913,ROSSELLIND,ROSSELL INDIA,0.0,,0.0,0.01,1,EQ,NSE,NSE,False,False,False,False
7411713,28952,DUCON,DUCON INFRATECHNOLOGIES L,0.0,,0.0,0.01,1,EQ,NSE,NSE,False,False,False,False
7413761,28960,UNIMECH,UNIMECH AEROSPACE N MFG L,0.0,,0.0,0.1,1,EQ,NSE,NSE,False,False,False,False
7416065,28969,CONSUMER,MIRAEAMC - CONSUMER,0.0,,0.0,0.01,1,EQ,NSE,NSE,False,False,False,False
7426049,29008,TVSHLTD,TVS HOLDINGS,0.0,,0.0,1.0,1,EQ,NSE,NSE,False,False,False,False
7427841,29015,ARSHIYA-BZ,ARSHIYA,0.0,,0.0,0.01,1,EQ,NSE,NSE,False,False,False,False
7428097,29016,CEREBRAINT-BZ,CEREBRA INT TECH,0.0,,0.0,0.01,1,EQ,NSE,NSE,False,False,False,False
7428865,29019,ECAPINSURE,EDELAMC - ECAPINSURE,0.0,,0.0,0.01,1,EQ,NSE,NSE,False,False,False,False
7430401,29025,INDOFARM,INDO FARM EQUIPMENT,0.0,,0.0,0.01,1,EQ,NSE,NSE,False,False,False,False
7436801,29050,ZUARI,ZUARI AGRO CHEMICALS,0.0,,0.0,0.05,1,EQ,NSE,NSE,False,False,False,False
7443201,29075,SGLTL,STANDARD GLASS LIN TECH L,0.0,,0.0,0.01,1,EQ,NSE,NSE,False,False,False,False
7446273,29087,QUADFUTURE,QUADRANT FUTURE TEK,0.0,,0.0,0.05,1,EQ,NSE,NSE,False,False,False,False
7449089,29098,DDEVPLSTIK,DDEV PLASTIKS IND,0.0,,0.0,0.05,1,EQ,NSE,NSE,False,False,False,False
7452929,29113,CARERATING,CARE RATINGS,0.0,,0.0,0.1,1,EQ,NSE,NSE,False,False,False,False
7455745,29124,PCJEWELLER,PC JEWELLER,0.0,,0.0,0.01,1,EQ,NSE,NSE,False,False,False,False
7458561,29135,INDUSTOWER,INDUS TOWERS,0.0,,0.0,0.05,1,EQ,NSE,NSE,False,False,False,True
7462145,29149,NAVKARURB-BE,NAVKAR URBANSTRUCTURE,0.0,,0.0,0.01,1,EQ,NSE,NSE,False,False,False,False
7464193,29157,CAPINVIT-IV,CAPITAL INFRA TRUST,0.0,,0.0,0.01,1,EQ,NSE,NSE,False,False,False,False
7465985,29164,SWANDEF-BE,SWAN DEFENCE N HEVY IND L,0.0,,0.0,0.05,1,EQ,NSE,NSE,False,False,False,False
7467777,29171,LAXMIDENTL,LAXMI DENTAL,0.0,,0.0,0.05,1,EQ,NSE,NSE,False,False,False,False
7476225,29204,STALLION,STALLION IND FLUOROCHEM L,0.0,,0.0,0.01,1,EQ,NSE,NSE,False,False,False,False
7477761,29210,SITINET-BZ,SITI NETWORKS,0.0,,0.0,0.01,1,EQ,NSE,NSE,False,False,False,False
7481345,29224,ONESOURCE,ONESOURCE SPECL PHARMA L,0.0,,0.0,0.1,1,EQ,NSE,NSE,False,False,True,False
7488257,29251,ITCHOTELS,ITC HOTELS,0.0,,0.0,0.01,1,EQ,NSE,NSE,False,False,False,False
7489537,29256,DENTA,DENTA WATER N INFRA SOL L,0.0,,0.0,0.05,1,EQ,NSE,NSE,False,False,False,False
7496705,29284,VMART,VMART RETAIL,0.0,,0.0,0.05,1,EQ,NSE,NSE,False,False,False,False
7533313,29427,MOHITIND-BE,MOHIT INDUSTRIES,0.0,,0.0,0.01,1,EQ,NSE,NSE,False,False,False,False
7536385,29439,SUPREME,SUPREME HOLDIN N HOSP I L,0.0,,0.0,0.01,1,EQ,NSE,NSE,False,False,False,False
7539713,29452,AGARWALEYE,DR AGARWALS HEALTH CARE L,0.0,,0.0,0.05,1,EQ,NSE,NSE,False,False,False,False
7541505,29459,MOSCHIP,MOSCHIP TECHNOLOGIES,0.0,,0.0,0.01,1,EQ,NSE,NSE,False,False,False,False
7542785,29464,NEXT30ADD,DSPAMC - NEXT30ADD,0.0,,0.0,0.01,1,EQ,NSE,NSE,False,False,False,False
7544833,29472,PROTEAN,PROTEAN EGOV TECHNO,0.0,,0.0,0.05,1,EQ,NSE,NSE,False,False,False,False
7547393,29482,MCLOUD,MAGELLANIC CLOUD,0.0,,0.0,0.01,1,EQ,NSE,NSE,False,False,False,False
7548673,29487,NIBE,NIBE,0.0,,0.0,0.1,1,EQ,NSE,NSE,False,False,False,False
7549953,29492,ORCHASP,ORCHASP,0.0,,0.0,0.01,1,EQ,NSE,NSE,False,False,False,False
7558913,29527,GROWWRAIL,GROWWAMC - GROWWRAIL,0.0,,0.0,0.01,1,EQ,NSE,NSE,False,False,False,False
7565569,29553,NIFTYIETF,ICICI PRUD NIFTY ETF,0.0,,0.0,0.01,1,EQ,NSE,NSE,False,False,False,False
7571713,29577,NIF100BEES,NIP IND ETF NIFTY 100,0.0,,0.0,0.01,1,EQ,NSE,NSE,False,False,False,False
7573249,29583,NATCAPSUQ,NATURAL CAPSULES,0.0,,0.0,0.01,1,EQ,NSE,NSE,False,False,False,False
7575553,29592,JUBLCPL-BE,JUBILANT AGRI N CON PRO L,0.0,,0.0,0.1,1,EQ,NSE,NSE,False,False,False,False
7577089,29598,REPCOHOME,REPCO HOME FINANCE,0.0,,0.0,0.05,1,EQ,NSE,NSE,False,False,False,False
7583745,29624,AJAXENGG,AJAX ENGINEERING,0.0,,0.0,0.05,1,EQ,NSE,NSE,False,False,False,False
7594497,29666,HEXT,HEXAWARE TECHNOLOGIES,0.0,,0.0,0.05,1,EQ,NSE,NSE,False,False,False,False
7597569,29678,BAJAJINDEF,INDEF MANUFACTURING,0.0,,0.0,0.05,1,EQ,NSE,NSE,False,False,False,False
7599873,29687,UNIONGOLD,UNIONAMC - UNIONGOLD,0.0,,0.0,0.05,1,EQ,NSE,NSE,False,False,False,False
7606017,29711,QPOWER,QUALITY POWER ELEC EQUP L,0.0,,0.0,0.05,1,EQ,NSE,NSE,False,False,False,False
7611137,29731,GUJTHEM,GUJARAT THEMIS BIOSYN,0.0,,0.0,0.05,1,EQ,NSE,NSE,False,False,False,False
7611649,29733,NIBL,NRB INDUS. BEARINGS,0.0,,0.0,0.01,1,EQ,NSE,NSE,False,False,False,False
7618049,29758,MSCIINDIA,KOTAKMAMC - MSCIINDIA,0.0,,0.0,0.01,1,EQ,NSE,NSE,False,False,False,False
7647233,29872,GROWWN200,GROWWAMC - GROWWN200,0.0,,0.0,0.01,1,EQ,NSE,NSE,False,False,False,False
7648513,29877,VIVIDHA,VISAGAR POLYTEX,0.0,,0.0,0.01,1,EQ,NSE,NSE,False,False,False,False
7665665,29944,NIFTY100EW,KOTAKMAMC - NIFTY100EW,0.0,,0.0,0.01,1,EQ,NSE,NSE,False,False,False,False
7669249,29958,CALSOFTPP-X1,CALSOFT RS.2.50 PPD UP,0.0,,0.0,0.01,1,EQ,NSE,NSE,False,False,False,False
7670273,29962,JUSTDIAL,JUSTDIAL,0.0,,0.0,0.05,1,EQ,NSE,NSE,False,False,False,False
7673601,29975,AONETOTAL,AONEAMC - AONETOTAL,0.0,,0.0,0.01,1,EQ,NSE,NSE,False,False,False,False
7685889,30023,ATULAUTO,ATUL AUTO,0.0,,0.0,0.05,1,EQ,NSE,NSE,False,False,False,False
7690497,30041,FCONSUMER-BE,FUTURE CONSUMER,0.0,,0.0,0.01,1,EQ,NSE,NSE,False,False,False,False
7696641,30065,MOCAPITAL,MOTILALAMC - MOCAPITAL,0.0,,0.0,0.01,1,EQ,NSE,NSE,False,False,False,False
7702785,30089,ORIENTCEM,ORIENT CEMENT,0.0,,0.0,0.01,1,EQ,NSE,NSE,False,False,False,False
7706881,30105,GOLD360,360ONEAMC - GOLD360,0.0,,0.0,0.05,1,EQ,NSE,NSE,False,False,False,False
7707649,30108,ABFRL,ADITYA BIRLA FASHION & RT,0.0,,0.0,0.01,1,EQ,NSE,NSE,False,False,False,False
7707905,30109,SELECTIPO,MIRAEAMC - SELECTIPO,0.0,,0.0,0.01,1,EQ,NSE,NSE,False,False,False,False
7710977,30121,EQUAL200,MIRAEAMC - EQUAL200,0.0,,0.0,0.01,1,EQ,NSE,NSE,False,False,False,False
7712001,30125,SAMMAANCAP,SAMMAAN CAPITAL,0.0,,0.0,0.01,1,EQ,NSE,NSE,False,False,False,False
7714305,30134,PRABHA,PRABHA ENERGY,0.0,,0.0,0.01,1,EQ,NSE,NSE,False,False,False,False
7715585,30139,CASHIETF,ICICIPRAMC - CASHIETF,0.0,,0.0,0.01,1,EQ,NSE,NSE,False,False,False,False
7719681,30155,AXISVALUE,AXISAMC - AXISVALUE,0.0,,0.0,0.01,1,EQ,NSE,NSE,False,False,False,False
7728897,30191,CURAA-BE,CURA TECHNOLOGIES,0.0,,0.0,0.05,1,EQ,NSE,NSE,False,False,False,False
7742465,30244,BHARATSE,BHARAT SEATS,0.0,,0.0,0.01,1,EQ,NSE,NSE,False,False,False,False
7744513,30252,ISHANCH-BE,ISHAN DYES N CHEMICALS L,0.0,,0.0,0.01,1,EQ,NSE,NSE,False,False,False,False
7750145,30274,SILVERCASE,ZERODHAAMC - SILVERCASE,0.0,,0.0,0.01,1,EQ,NSE,NSE,False,False,False,False
7754241,30290,SBIBPB,SBIAMC - SBIBPB,0.0,,0.0,0.01,1,EQ,NSE,NSE,False,False,False,False
7762689,30323,ESSENTIA,INTEGRA ESSENTIA,0.0,,0.0,0.01,1,EQ,NSE,NSE,False,False,False,False
7780353,30392,NIF100IETF,ICICI PRUD NIFTY 100 ETF,0.0,,0.0,0.01,1,EQ,NSE,NSE,False,False,False,False
7796481,30455,SPECTRUM,SPECTRUM ELECTRIC IND,0.0,,0.0,0.1,1,EQ,NSE,NSE,False,False,False,False
7800065,30469,MID150,KOTAKMAMC - MID150,0.0,,0.0,0.01,1,EQ,NSE,NSE,False,False,False,False
7800833,30472,AONELIQUID,AONEAMC - AONELIQUID,0.0,,0.0,0.01,1,EQ,NSE,NSE,False,False,False,False
7805697,30491,FELDVR-BZ,FUTURE ENTERPRISES,0.0,,0.0,0.01,1,EQ,NSE,NSE,False,False,False,False
7893761,30835,PILITA,PIL ITALICA LIFESTYLE,0.0,,0.0,0.01,1,EQ,NSE,NSE,False,False,False,False
7940353,31017,THOMASCOTT,THOMAS SCOTT (INDIA),0.0,,0.0,0.05,1,EQ,NSE,NSE,False,False,False,False
7963393,31107,DBSTOCKBRO,DB (INT) STOCK BROKERS,0.0,,0.0,0.01,1,EQ,NSE,NSE,False,False,False,False
7971329,31138,COMPUSOFT,COMPUCOM SOFTWARE,0.0,,0.0,0.01,1,EQ,NSE,NSE,False,False,False,False
7977729,31163,RHIM,RHI MAGNESITA INDIA,0.0,,0.0,0.05,1,EQ,NSE,NSE,False,False,False,False
7982337,31181,MCX,MULTI COMMODITY EXCHANGE,0.0,,0.0,0.5,1,EQ,NSE,NSE,False,False,False,True
7995905,31234,SCHNEIDER,SCHNEIDER ELECTRIC INFRA,0.0,,0.0,0.05,1,EQ,NSE,NSE,False,False,False,False
8002049,31258,NDL,NANDAN DENIM,0.0,,0.0,0.01,1,EQ,NSE,NSE,False,False,False,False
8041729,31413,MTEDUCARE-BE,MT EDUCARE,0.0,,0.0,0.01,1,EQ,NSE,NSE,False,False,False,False
8042241,31415,NBCC,NBCC (INDIA),0.0,,0.0,0.01,1,EQ,NSE,NSE,False,False,True,False
8055809,31468,LYPSAGEMS,LYPSA GEMS & JEWEL,0.0,,0.0,0.01,1,EQ,NSE,NSE,False,False,False,False
8058625,31479,ORBTEXP-BE,ORBIT EXPORTS,0.0,,0.0,0.01,1,EQ,NSE,NSE,False,False,False,False
8065793,31507,JPOLYINVST,JIND POL INV & FIN CO,0.0,,0.0,0.05,1,EQ,NSE,NSE,False,False,False,False
8150273,31837,SREEL,SREELEATHERS,0.0,,0.0,0.01,1,EQ,NSE,NSE,False,False,False,False
193505537,755881,EVIETF,ICICIPRAMC - EVIETF,0.0,,0.0,0.01,1,EQ,NSE,NSE,False,False,False,False
193516545,755924,MARSHALL-BZ,MARSHALL MACHINES,0.0,,0.0,0.01,1,EQ,NSE,NSE,False,False,False,False
193539585,756014,690GS2065-GS,GOI LOAN  6.90% 2065,0.0,,0.0,0.01,1,EQ,NSE,NSE,False,False,False,False
193539841,756015,CIFL,CAPITAL INDIA FINANCE,0.0,,0.0,0.01,1,EQ,NSE,NSE,False,False,False,False
193541121,756020,TINNARUBR,TINNA RUBBER AND INFR,0.0,,0.0,0.05,1,EQ,NSE,NSE,False,False,False,False
193545729,756038,WAAREERTL,WAAREE RENEWABLE TECH,0.0,,0.0,0.1,1,EQ,NSE,NSE,False,False,False,False
193558017,756086,GROWWMOM50,GROWWAMC - GROWWMOM50,0.0,,0.0,0.01,1,EQ,NSE,NSE,False,False,False,False
193574401,756150,SILVER360,360ONEAMC - SILVER360,0.0,,0.0,0.01,1,EQ,NSE,NSE,False,False,False,False
193618945,756324,NPST,NETWORK PEOPLE SRV TECH L,0.0,,0.0,0.1,1,EQ,NSE,NSE,False,False,False,False
193736705,756784,KRISHIVAL-BE,KRISHIVAL FOODS,0.0,,0.0,0.05,1,EQ,NSE,NSE,False,False,False,False
193741313,756802,OSWALPUMPS,OSWAL PUMPS,0.0,,0.0,0.05,1,EQ,NSE,NSE,False,False,False,False
193747713,756827,GROWWSLVR,GROWWAMC - GROWWSLVR,0.0,,0.0,0.01,1,EQ,NSE,NSE,False,False,False,False
193749249,756833,FUSIONPP-E1,FUSION RS.5 PPD UP,0.0,,0.0,0.01,1,EQ,NSE,NSE,False,False,False,False
193751809,756843,ABLBL,ADITYA BIRLA LIFES BRAN L,0.0,,0.0,0.01,1,EQ,NSE,NSE,False,False,False,False
193758977,756871,ENRIN,SIEMENS ENERGY INDIA,0.0,,0.0,0.1,1,EQ,NSE,NSE,False,False,False,False
193763841,756890,633GS2035-GS,GOI LOAN  6.33% 2035,0.0,,0.0,0.01,1,EQ,NSE,NSE,False,False,False,False
193766401,756900,MON50EQUAL,MOTILALAMC - MON50EQUAL,0.0,,0.0,0.01,1,EQ,NSE,NSE,False,False,False,False
193772801,756925,PRIMO,PRIMO CHEMICALS,0.0,,0.0,0.01,1,EQ,NSE,NSE,False,False,False,False
193776385,756939,SOLARAPP1-E1,SOLARA RS. 7 PPD UP,0.0,,0.0,0.05,1,EQ,NSE,NSE,False,False,False,False
193795585,757014,THELEELA,SCHLOSS BANGALORE,0.0,,0.0,0.05,1,EQ,NSE,NSE,False,False,False,False
193799937,757031,MOINFRA,MOTILALAMC - MOINFRA,0.0,,0.0,0.01,1,EQ,NSE,NSE,False,False,False,False
193804545,757049,RAJOOENG,RAJOO ENGINEERS,0.0,,0.0,0.01,1,EQ,NSE,NSE,False,False,False,False
193816577,757096,AONENIFTY,AONEAMC - AONENIFTY,0.0,,0.0,0.01,1,EQ,NSE,NSE,False,False,False,False
193817345,757099,MOMGF,MOTILALAMC - MOMGF,0.0,,0.0,0.01,1,EQ,NSE,NSE,False,False,False,False
193818113,757102,BELRISE,BELRISE INDUSTRIES,0.0,,0.0,0.01,1,EQ,NSE,NSE,False,False,False,False
193828353,757142,EQUAL50,MIRAEAMC - EQUAL50,0.0,,0.0,0.01,1,EQ,NSE,NSE,False,False,False,False
193834753,757167,MONEXT50,MOTILALAMC - MONEXT50,0.0,,0.0,0.01,1,EQ,NSE,NSE,False,False,False,False
193878017,757336,AEGISVOPAK,AEGIS VOPAK TERMINALS,0.0,,0.0,0.01,1,EQ,NSE,NSE,False,False,False,False
193895937,757406,LLOYDSENPP-E1,LLOYD RS.0.50 PPD UP,0.0,,0.0,0.01,1,EQ,NSE,NSE,False,False,False,False
193902337,757431,MOPSE,MOTILALAMC - MOPSE,0.0,,0.0,0.01,1,EQ,NSE,NSE,False,False,False,False
193905409,757443,MOTOUR,MOTILALAMC - MOTOUR,0.0,,0.0,0.01,1,EQ,NSE,NSE,False,False,False,False
193908481,757455,SNXT30BEES,NIPPONAMC - SNXT30BEES,0.0,,0.0,0.01,1,EQ,NSE,NSE,False,False,False,False
193914369,757478,SCODATUBES,SCODA TUBES,0.0,,0.0,0.01,1,EQ,NSE,NSE,False,False,False,False
193923841,757515,DIGITIDE,DIGITIDE SOLUTIONS,0.0,,0.0,0.01,1,EQ,NSE,NSE,False,False,False,False
193925121,757520,BLUSPRING,BLUSPRING ENTERPRISES,0.0,,0.0,0.01,1,EQ,NSE,NSE,False,False,False,False
193931521,757545,TRAVELFOOD,TRAVEL FOOD SERVICES,0.0,,0.0,0.1,1,EQ,NSE,NSE,False,False,False,False
193949185,757614,ARISINFRA,ARISINFRA SOLUTIONS,0.0,,0.0,0.01,1,EQ,NSE,NSE,False,False,False,False
193957121,757645,ATHERENERG,ATHER ENERGY,0.0,,0.0,0.05,1,EQ,NSE,NSE,False,False,True,False
193960449,757658,FISCHER,FISCHER MEDICAL VENTURE L,0.0,,0.0,0.1,1,EQ,NSE,NSE,False,False,False,False
193963265,757669,MOALPHA50,MOTILALAMC - MOALPHA50,0.0,,0.0,0.01,1,EQ,NSE,NSE,False,False,False,False
193977601,757725,LIQGRWBEES,NIPPONAMC - LIQGRWBEES,0.0,,0.0,0.01,1,EQ,NSE,NSE,False,False,False,False
193984769,757753,591GS2028-GS,GOI LOAN  5.91% 2028,0.0,,0.0,0.01,1,EQ,NSE,NSE,False,False,False,False
193985025,757754,PICCADIL,PICCADILY AGRO INDUSTRI L,0.0,,0.0,0.05,1,EQ,NSE,NSE,False,False,False,False
193988353,757767,SAMBHV,SAMBHV STEEL TUBES,0.0,,0.0,0.01,1,EQ,NSE,NSE,False,False,False,False
193989633,757772,HDBFS,HDB FINANCIAL SERVICES L,0.0,,0.0,0.05,1,EQ,NSE,NSE,False,False,False,False
193991937,757781,TOP15IETF,ICICIPRAMC - TOP15IETF,0.0,,0.0,0.01,1,EQ,NSE,NSE,False,False,False,False
193994497,757791,MOGOLD,MOTILALAMC - MOGOLD,0.0,,0.0,0.05,1,EQ,NSE,NSE,False,False,False,False
193995265,757794,BRIGHOTEL,BRIGADE HOTEL VENTURE,0.0,,0.0,0.01,1,EQ,NSE,NSE,False,False,False,False
193997057,757801,IGCL,INDOGULF CROPSCIENCES,0.0,,0.0,0.01,1,EQ,NSE,NSE,False,False,False,False
194000385,757814,GROWWNET,GROWWAMC - GROWWNET,0.0,,0.0,0.01,1,EQ,NSE,NSE,False,False,False,False
194001153,757817,MOMIDMTM,MOTILALAMC - MOMIDMTM,0.0,,0.0,0.01,1,EQ,NSE,NSE,False,False,False,False
194005505,757834,RMDRIP,R M DRIP & SPRINK SYS,0.0,,0.0,0.05,1,EQ,NSE,NSE,False,False,False,False
194008321,757845,INDIQUBE,INDIQUBE SPACES,0.0,,0.0,0.01,1,EQ,NSE,NSE,False,False,False,False
194008833,757847,668GS2040-GS,GOI LOAN  6.68% 2040,0.0,,0.0,0.01,1,EQ,NSE,NSE,False,False,False,False
194009601,757850,CRIZAC,CRIZAC,0.0,,0.0,0.05,1,EQ,NSE,NSE,False,False,False,False
194012673,757862,EBGNG,GNG ELECTRONICS,0.0,,0.0,0.05,1,EQ,NSE,NSE,False,False,False,False
194018561,757885,ANTHEM,ANTHEM BIOSCIENCES,0.0,,0.0,0.05,1,EQ,NSE,NSE,False,False,False,False
194027265,757919,BORANA,BORANA WEAVES,0.0,,0.0,0.01,1,EQ,NSE,NSE,False,False,False,False
194032129,757938,BELLACASA,BELLA CASA FASH AND RET L,0.0,,0.0,0.05,1,EQ,NSE,NSE,False,False,False,False
194033409,757943,INFIBPP-E1,INFIBEAM RE.0.5 PPD UP,0.0,,0.0,0.01,1,EQ,NSE,NSE,False,False,False,False
194034177,757946,QUALITY30,KOTAKMAMC - QUALITY30,0.0,,0.0,0.01,1,EQ,NSE,NSE,False,False,False,False
194035969,757953,EUROBOND,EURO PANEL PRODUCTS,0.0,,0.0,0.01,1,EQ,NSE,NSE,False,False,False,False
194036481,757955,PASHUPATI,PASHUPATI COTSPIN,0.0,,0.0,0.05,1,EQ,NSE,NSE,False,False,False,False
194039041,757965,SMARTWORKS,SMARTWORKS COWORKING SP L,0.0,,0.0,0.05,1,EQ,NSE,NSE,False,False,False,False
194043649,757983,601GS2030-GS,GOI LOAN  6.01% 2030,0.0,,0.0,0.01,1,EQ,NSE,NSE,False,False,False,False
194045185,757989,CHEMBONDCH,CHEMBOND CHEMICAL,0.0,,0.0,0.01,1,EQ,NSE,NSE,False,False,False,False
194046465,757994,628GS2032-GS,GOI LOAN  6.28% 2032,0.0,,0.0,0.01,1,EQ,NSE,NSE,False,False,False,False
194048513,758002,SHANTIGOLD,SHANTI GOLD INTERNATION L,0.0,,0.0,0.01,1,EQ,NSE,NSE,False,False,False,False
194077441,758115,JSLL,JEENA SIKHO LIFECARE,0.0,,0.0,0.05,1,EQ,NSE,NSE,False,False,False,False
194082817,758136,GVPTECHPP-E1,GVPTECH RE.1 PPD UP,0.0,,0.0,0.01,1,EQ,NSE,NSE,False,False,False,False
194085121,758145,LOTUSDEV,SRI LOTUS DEVLPRS N RTY L,0.0,,0.0,0.01,1,EQ,NSE,NSE,False,False,False,False
194086401,758150,MBEL,M AND B ENGINEERING,0.0,,0.0,0.05,1,EQ,NSE,NSE,False,False,False,False
194090241,758165,GROWWPOWER,GROWWAMC - GROWWPOWER,0.0,,0.0,0.01,1,EQ,NSE,NSE,False,False,False,False
194092289,758173,PROSTARM,PROSTARM INFO SYSTEMS,0.0,,0.0,0.01,1,EQ,NSE,NSE,False,False,False,False
194124801,758300,GROWWLOVOL,GROWWAMC - GROWWLOVOL,0.0,,0.0,0.01,1,EQ,NSE,NSE,False,False,False,False
194155521,758420,SSFLPP-E1,SPANDANA RS.5 PPD UP,0.0,,0.0,0.05,1,EQ,NSE,NSE,False,False,False,False
194158337,758431,KRT-RR,KNOWLEDGE REALTY TRUST,0.0,,0.0,0.01,1,EQ,NSE,NSE,False,False,False,False
194162689,758448,ALLTIME,ALL TIME PLASTICS,0.0,,0.0,0.05,1,EQ,NSE,NSE,False,False,False,False
194164993,758457,MOSILVER,MOTILALAMC - MOSILVER,0.0,,0.0,0.01,1,EQ,NSE,NSE,False,False,False,False
194165761,758460,JSWCEMENT,JSW CEMENT,0.0,,0.0,0.01,1,EQ,NSE,NSE,False,False,False,False
194174977,758496,SBILIQETF,SBIAMC - SBILIQETF,0.0,,0.0,0.01,1,EQ,NSE,NSE,False,False,False,False
194189057,758551,RAYMONDREL,RAYMOND REALTY,0.0,,0.0,0.05,1,EQ,NSE,NSE,False,False,False,False
194190849,758558,KALPATARU,KALPATARU,0.0,,0.0,0.05,1,EQ,NSE,NSE,False,False,False,False
194192129,758563,ELLEN,ELLENBARRIE INDUS GASES L,0.0,,0.0,0.05,1,EQ,NSE,NSE,False,False,False,False
194194433,758572,GLOBECIVIL,GLOBE CIVIL PROJECTS,0.0,,0.0,0.01,1,EQ,NSE,NSE,False,False,False,False
194200321,758595,INTERNET,MIRAEAMC - INTERNET,0.0,,0.0,0.01,1,EQ,NSE,NSE,False,False,False,False
194204161,758610,SEPCPP-E1,SEPC RS.5 PPD UP,0.0,,0.0,0.01,1,EQ,NSE,NSE,False,False,False,False
194218753,758667,MANUFGBEES,NIPPONAMC - MANUFGBEES,0.0,,0.0,0.01,1,EQ,NSE,NSE,False,False,False,False
194220545,758674,724GS2055-GS,GOI LOAN  7.24% 2055,0.0,,0.0,0.01,1,EQ,NSE,NSE,False,False,False,False
194220801,758675,EFCIL,EFC (I),0.0,,0.0,0.05,1,EQ,NSE,NSE,False,False,False,False
194222081,758680,REGAAL,REGAAL RESOURCES,0.0,,0.0,0.01,1,EQ,NSE,NSE,False,False,False,False
194226433,758697,GROWWNIFTY,GROWWAMC - GROWWNIFTY,0.0,,0.0,0.01,1,EQ,NSE,NSE,False,False,False,False
194227969,758703,ARFIN-BE,ARFIN INDIA,0.0,,0.0,0.01,1,EQ,NSE,NSE,False,False,False,False
194228481,758705,LTGILTCASE,ZERODHAAMC - LTGILTCASE,0.0,,0.0,0.01,1,EQ,NSE,NSE,False,False,False,False
194239489,758748,MEIL,MANGAL ELECTRICAL IND L,0.0,,0.0,0.05,1,EQ,NSE,NSE,False,False,False,False
194258433,758822,CYBERPP-X1,CYBERMEDIA RS.5 PPD UP,0.0,,0.0,0.01,1,EQ,NSE,NSE,False,False,False,False
194259457,758826,LLOYDPP-E1,LLOYD RE.0.50 PPD UP,0.0,,0.0,0.01,1,EQ,NSE,NSE,False,False,False,False
194266369,758853,SGFIN,SG FINSERVE,0.0,,0.0,0.05,1,EQ,NSE,NSE,False,False,False,False
194267649,758858,CPPLUS,ADITYA INFOTECH,0.0,,0.0,0.1,1,EQ,NSE,NSE,False,False,False,False
194268929,758863,LAXMIINDIA,LAXMI INDIA FINANCE,0.0,,0.0,0.01,1,EQ,NSE,NSE,False,False,False,False
194275585,758889,SGMART,SG MART,0.0,,0.0,0.05,1,EQ,NSE,NSE,False,False,False,False
194279425,758904,AONEGOLD,AONEAMC - AONEGOLD,0.0,,0.0,0.01,1,EQ,NSE,NSE,False,False,False,False
194280705,758909,AMANTA,AMANTA HEALTHCARE,0.0,,0.0,0.01,1,EQ,NSE,NSE,False,False,False,False
194288897,758941,CPEDU,CAREER POINT EDUTECH,0.0,,0.0,0.01,1,EQ,NSE,NSE,False,False,False,False
194291713,758952,ELM250,EDELAMC - ELM250,0.0,,0.0,0.01,1,EQ,NSE,NSE,False,False,False,False
194292481,758955,SML100CASE,ZERODHAAMC - SML100CASE,0.0,,0.0,0.01,1,EQ,NSE,NSE,False,False,False,False
194293249,758958,STLNETWORK,STL NETWORKS,0.0,,0.0,0.01,1,EQ,NSE,NSE,False,False,False,False
194296065,758969,AHCL-BE,ANLON HEALTHCARE,0.0,,0.0,0.01,1,EQ,NSE,NSE,False,False,False,False
194297089,758973,VIKRAN,VIKRAN ENGINEERING,0.0,,0.0,0.01,1,EQ,NSE,NSE,False,False,False,False
194299137,758981,RNBDENIMS,R&B DENIMS,0.0,,0.0,0.01,1,EQ,NSE,NSE,False,False,False,False
194300417,758986,GCSL,GRETEX CORPORATE SERVICES,0.0,,0.0,0.05,1,EQ,NSE,NSE,False,False,False,False
194305793,759007,ATLANTAELE,ATLANTA ELECTRICALS,0.0,,0.0,0.05,1,EQ,NSE,NSE,False,False,False,False
194307073,759012,GANESHCP,GANESH CONSUMER PRODUCT L,0.0,,0.0,0.05,1,EQ,NSE,NSE,False,False,False,False
194314497,759041,IVALUE,IVALUE INFOSOLUTIONS,0.0,,0.0,0.05,1,EQ,NSE,NSE,False,False,False,False
194316289,759048,GKENERGY,GK ENERGY,0.0,,0.0,0.01,1,EQ,NSE,NSE,False,False,False,False
194318593,759057,SAATVIKGL,SAATVIK GREEN ENERGY,0.0,,0.0,0.05,1,EQ,NSE,NSE,False,False,False,False
194319873,759062,RHETAN,RHETAN TMT,0.0,,0.0,0.01,1,EQ,NSE,NSE,False,False,False,False
194324481,759080,DEVX-BE,DEV ACCELERATOR,0.0,,0.0,0.01,1,EQ,NSE,NSE,False,False,False,False
194325505,759084,URBANCO,URBAN COMPANY,0.0,,0.0,0.01,1,EQ,NSE,NSE,False,False,False,False
194327809,759093,SHRINGARMS,SHRINGAR HOU OF MANGALS L,0.0,,0.0,0.01,1,EQ,NSE,NSE,False,False,False,False
194330369,759103,HILINFRA,HIGHWAY INFRASTRUCTURE L,0.0,,0.0,0.01,1,EQ,NSE,NSE,False,False,False,False
194336001,759125,SHRADHA-RE-BE,SHRADHA INFRAPROJECTS,0.0,,0.0,0.01,1,EQ,NSE,NSE,False,False,False,False
194337281,759130,ABCOTS,A B COTSPIN INDIA,0.0,,0.0,0.05,1,EQ,NSE,NSE,False,False,False,False
194338049,759133,NDTV-RE-BE,NEW DELHI TELEVISION,0.0,,0.0,0.01,1,EQ,NSE,NSE,False,False,False,False
194343169,759153,VMSTMT-BE,VMS TMT,0.0,,0.0,0.01,1,EQ,NSE,NSE,False,False,False,False
194347265,759169,MWL,MANGALAM WORLDWIDE,0.0,,0.0,0.05,1,EQ,NSE,NSE,False,False,False,False
194349057,759176,TIGERLOGS,TIGER LOGISTICS (INDIA) L,0.0,,0.0,0.01,1,EQ,NSE,NSE,False,False,False,False
194378497,759291,BLUESTONE,BLUESTONE JEWEL LFSTL,0.0,,0.0,0.05,1,EQ,NSE,NSE,False,False,False,False
194416385,759439,PATELRMART,PATEL RETAIL,0.0,,0.0,0.05,1,EQ,NSE,NSE,False,False,False,False
194418689,759448,SHREEJISPG,SHREEJI SHIPPING GLOBAL L,0.0,,0.0,0.05,1,EQ,NSE,NSE,False,False,False,False
194419969,759453,VIKRAMSOLR,VIKRAM SOLAR,0.0,,0.0,0.05,1,EQ,NSE,NSE,False,False,False,False
194421249,759458,GROWWNXT50,GROWWAMC - GROWWNXT50,0.0,,0.0,0.01,1,EQ,NSE,NSE,False,False,False,False
194422017,759461,GEMAROMA,GEM AROMATICS,0.0,,0.0,0.05,1,EQ,NSE,NSE,False,False,False,False
194508033,759797,EUROPRATIK,EURO PRATIK SALES,0.0,,0.0,0.01,1,EQ,NSE,NSE,False,False,False,False
